A_boot,phi0_boot,R2_boot
197.5698126942253,43.14658059965321,0.8850873091755189
-149.7140463911441,42.854527835629426,0.5508598951487677
-213.5220498594317,171.44484085983723,0.7746913278353653
233.1383350421638,311.42001804716597,0.7642421874915157
99.06008746910237,315.15155296353316,0.5004367421974698
-45.360292665826385,177.506610534573,0.0759093229345239
-195.40962300738948,148.4378583989425,0.8923915349676772
40.837495946016126,227.52197020763577,0.16879092398281537
125.74296133361969,334.1084711203471,0.5024176307194599
89.80970676512656,330.6124996320549,0.648614396722913
-99.67169326439812,170.49323694652972,0.6376834147502721
204.59002949486515,326.2843305279474,0.7894842637270125
-131.93845383637452,134.73183553591423,0.7621318653045027
-88.53861642724371,176.57092362864444,0.34266972170801646
-267.08164776397103,323.56803479644583,0.657029163990941
-294.48351874841126,158.53090792250296,0.929021279228563
-150.52924928231866,162.66160101949026,0.7868429839026588
-32.855804825614165,277.7010026187008,0.04366924292822638
87.26953793937899,297.00141537450753,0.24528105912823184
76.7661270282245,325.13432487067683,0.18058523731423726
-112.35242517462672,143.5242055078322,0.6130908336476071
168.24305096344938,320.5117237682869,0.7398049662072481
-130.26426571459672,56.61175067060907,0.8485865724924243
209.06650848493717,343.2326831271848,0.9256020076354153
165.17960298923958,323.0607259764341,0.8663485494673053
248.79031096126909,33.663485155291475,0.8784957737470541
85.38547867633328,36.77518052747537,0.5186191637754922
52.36435454910679,43.640814331576046,0.12406255315740966
38.306613938979076,36.62410976515368,0.10452958130625001
141.09407295326412,75.67574548845059,0.5681158851518623
174.1929913736699,328.8558233870701,0.9024217311386473
214.84808736456603,322.87073436705214,0.7111228884180263
225.92307822006362,311.7353721215461,0.9581381710238801
-84.78820252631161,180.7599444800398,0.5968981482921724
-175.04848394001354,160.91175014799313,0.7619534611591958
169.43732133950218,5.984827596570379,0.5313818038097805
-109.92344760192658,350.15879624537894,0.698532058973963
-206.49223718591165,169.00526194422892,0.7010359021456898
293.39077544391114,342.81813384676644,0.9285444416921175
135.30258171204022,37.91754179602403,0.8871084146096699
64.2431748197893,37.127761132822314,0.3997018543035453
96.78122975087749,5.783848881136414,0.7036827727707287
103.04874315138409,285.77485775623495,0.7272808862905304
222.71502013138746,294.9110543159895,0.7609483211838854
85.45249842088036,328.60431340335504,0.42150062098161367
43.085890211956915,207.94494332099322,0.3552730647739576
-94.06209993395613,163.36363782047437,0.46852045850965285
-98.81300408384631,163.70816212171152,0.41398781266175044
120.43581796806826,351.7444287392566,0.6868416590127344
143.098383971384,345.5767727141977,0.6884771160617971
87.84576046775378,279.0243092835779,0.24086468020480756
197.25557031977527,327.6964849087132,0.7902281366268582
180.25907136451727,257.35438968634946,0.8554628915617173
-107.47065588716322,188.2850076217688,0.4066557768061797
341.7307172621327,331.76507362799737,0.9103558938105715
-232.22312055195982,165.64124254305835,0.9536965465584613
212.12753838749597,311.91975027962275,0.931297672332611
47.45606591149203,291.68160489161687,0.1499138653870642
97.57167338758282,305.64289575255106,0.8176331282924043
142.34202229987017,6.551306339441094,0.7094369639946442
162.51632170421365,326.7444532454614,0.7383589257518691
98.08794555434001,287.7634617954524,0.47600312727534977
53.07658195616643,266.56017315732646,0.44040762100713415
132.05137139487374,281.47961995762364,0.789778643624999
108.75566728958188,190.63962404127284,0.5295941723413667
226.979460950738,309.35748481126217,0.7565400540555772
165.04841899641443,14.591905372109897,0.706134602839597
177.26580599940075,329.86541401822836,0.7827715257153842
46.031711693877675,333.9619235924503,0.18942408540451505
-200.19478097350918,165.96633815798066,0.8698915721036167
35.324612119070075,167.0087060637708,0.11180264247130378
25.96715750994815,60.299250659740345,0.18433956215143033
203.67957756880168,325.9645147107851,0.884281509383435
173.26306425470247,302.23904884981073,0.8223779207296762
198.8017558222692,346.8351764530051,0.7780126393283662
72.50591263923933,316.174018372831,0.42103888264216294
-241.20902881236475,152.9113541462895,0.6928344917878024
206.36789125835494,314.37580595313835,0.8995787472812456
-56.212613353097666,143.0500266175679,0.11874609659038993
-155.1221257000141,163.27729965191912,0.7163767561950956
82.14947843073107,308.1056978998747,0.34827155230444173
62.46326725246687,198.71842352579554,0.2508842170944757
-158.61564232186942,152.71490802104577,0.7475721945765532
153.00280307438865,332.2870401149515,0.9502490096002045
186.79922625055156,9.217787439184633,0.9537897871604905
231.32280668035386,291.09941706693513,0.792610308618325
-218.91294618433392,163.62705853064875,0.8482606171395175
107.4532116294023,27.291807032763195,0.4989089367771483
62.43389421360929,313.2413698782653,0.14369651189264288
38.371502063448034,218.87453038366073,0.16298680871976412
91.59871085815621,27.635421896795208,0.31970282572419384
137.9520796648588,321.68179947537016,0.7474318694030488
-140.20832021418073,154.24616372662507,0.5669100050913569
-190.47735567393357,141.0846024994587,0.8592370680681453
-150.22590600552684,161.15441209055544,0.6048680796631396
-161.50714778002626,163.63811830828874,0.6549623936382316
104.38835821522419,24.48250274126425,0.42296438238704825
131.12661471872514,36.89250401742737,0.7914168750197341
-110.37304988799998,149.6292846838356,0.4816578487570685
-74.52989377481032,61.36441631461861,0.32864873749411405
100.49749364795841,2.601522165237353,0.6432787799739179
70.71128119691996,354.9327879628196,0.3689993903875415
-229.9758442946576,157.18356010604435,0.8499000336935996
-150.60930080293545,65.03283694833567,0.8367296087567639
53.706929609873924,284.34773542852747,0.2843042037327631
-87.75895572889006,200.38501022433988,0.4697092051436206
91.3603674659868,315.90485102848663,0.22791187712629823
-171.11854143826062,169.97993946314017,0.7234974687043557
-21.391937633885114,202.93006092983134,0.016881437546934608
171.59575346816658,310.28773542305413,0.8911361588395807
252.51978164076587,292.8914458189102,0.9245840130576192
244.81545301748739,326.1690638448271,0.8242306602372711
-84.21500431461223,281.0195405998114,0.33891121204333297
-94.74318784053952,264.49719971220964,0.24143352657205241
120.59794145632068,7.293660099266662,0.7626389240338481
62.981645536951994,320.4676620189033,0.29649781370191364
70.68750038435793,268.68434149447734,0.3405247265774747
-133.3930917976044,135.78319995663156,0.8019272866895027
227.0347006494439,337.760788566148,0.9158132554310839
181.1510270852353,342.3333940142472,0.749421869852678
-159.65431454107096,170.64950764106226,0.8399725046551141
195.9835821070694,3.602846315505539,0.9200073968107734
-158.81061630625365,151.22320407925557,0.7806382739542063
-117.76795745764683,150.00198120656384,0.4798998771219438
28.142937819885276,170.68462676868285,0.06436596042466047
-61.136451574300665,179.87071660543668,0.43776884311818764
-286.55516505199165,146.926243144286,0.7948341504915328
-82.8222903006252,52.66848331821666,0.3806253891776582
160.95211351985097,303.5905338973329,0.7042914195517981
143.80451787974047,315.69420758031777,0.8382168667804357
197.56306957643582,295.1791451155295,0.72594287550854
140.58334895730667,333.6500726257209,0.8276746316097303
258.37340917686373,341.88973185427074,0.9096735012012069
96.27954565729898,328.9641016653346,0.21026178672385643
-74.14557280356996,197.06528094103356,0.14278621414626524
-60.98261266122569,179.19865086858348,0.32855934673594367
148.25005116932394,4.816090273773972,0.8040315104112691
22.20163312176166,261.41542873243395,0.04135700263459319
-45.067337656493194,44.095252244874644,0.1467063833536354
157.96420862476603,328.19145211716295,0.3889343883300699
65.68794614754076,255.71756236220253,0.24094167358005403
246.06048283531592,339.85954460759183,0.830791462996623
-49.00671865001815,80.74330005878531,0.3570746146224367
90.80060932389785,238.1425019328089,0.4034376910572185
-97.91073195931772,173.24327530053975,0.5328683331089445
91.53528464881896,24.695620308152854,0.5739791037665538
180.9269575195256,322.7596498890758,0.7850343434172637
348.6017170637725,303.6617613049786,0.9235800985300469
209.61644354937488,313.28002869072935,0.697063310858857
-98.27033179673184,161.12411245927277,0.6319923802585288
-49.527518580760244,175.94668551513425,0.1965549114317553
-142.32327018459765,167.53831566782,0.6712658161726335
137.21660162546368,298.06013157724493,0.3473874439452598
237.13169291456524,299.45866465868755,0.8598761353889233
69.74583541008425,177.78970269216887,0.21696901541082614
-71.98272211309299,145.09321587598276,0.5015242739962885
155.37273880966598,335.7584287913811,0.6730893876758003
87.93610658685228,40.972317391173966,0.5295074238330509
204.0354434843371,343.539170752649,0.7117910207763198
-163.86556903007522,150.0394448521837,0.7072676733816028
64.01786655075026,311.2503240771629,0.2690171460118328
-244.87925454345336,174.01826434748133,0.8472090705863031
-18.078319704456465,83.7562196368557,0.08301585623819074
-41.594175295981174,281.47294272413205,0.2732732569851719
83.39292766581623,330.12980594959646,0.3945348239819825
137.46719743782077,31.48137818571583,0.7784719277558498
182.8295125693544,328.0894066061895,0.952090992584577
49.372073442385705,275.48108371453264,0.06249386655547029
-122.28565333531336,176.35580560588744,0.4584892923071112
-42.6354891844495,142.64860758719843,0.14496352247170408
-110.17369125808969,175.89269700741025,0.6867111826413643
-102.5429891193998,105.78967846300024,0.4481701776564314
-205.76785659253196,136.6359333620398,0.7983729456303819
155.9597028283883,344.13115202378594,0.8781889689316595
295.63831279945487,283.03770098577405,0.8239296132501339
-65.78373349867178,68.47381176323974,0.6914308084894683
118.24146673556707,22.08184124247079,0.7970963014413189
47.29214674943298,283.82470490240786,0.27432992541699885
226.77439066966178,311.40969359306683,0.8563422990334116
189.88926397659347,354.0571782526037,0.7298806734151766
242.05206696467886,323.0520976928639,0.746302292756906
81.74395098561305,286.0073565364926,0.6207542366351202
195.89513394251622,350.43115564353826,0.7986938918744808
225.8684936992365,355.80525499501647,0.9057123108568927
-162.83808665869384,146.2733980363586,0.8340831687887397
98.9831418945071,305.66973943233126,0.407276775907368
202.03653267148383,310.3820128390861,0.7213369311138067
-84.30592292358847,158.86919617380602,0.3906028384191568
-58.378335117223735,273.7798049434058,0.17080039639582723
109.2394613494117,314.0052324184596,0.4619225894348583
167.61934985444893,331.5389313762491,0.8734429159191416
124.6455294054234,147.67507318730023,0.5586764202392631
96.6601487933964,272.0478443480249,0.5827190957103454
209.1416690768988,308.620472884783,0.823695857729828
43.630236620997934,182.6489804770412,0.16298352605197197
42.94862968570446,198.57652232812637,0.10619504196113783
260.69676400347555,327.6794726896355,0.808533723330278
118.10322294799803,273.3847229906156,0.3235905951176522
202.0655235516865,31.65649058278252,0.5878757017457307
-111.88656720224517,169.30821304639088,0.8293561000196084
117.5104435854503,267.96627536084515,0.5775410301245444
-181.94862478587763,163.5230347485066,0.7436908724604445
52.143993266766984,48.863179923074355,0.38440020032390576
214.34468106254585,354.14274840595306,0.8542020346252358
158.05353309386953,3.2156083566978255,0.5409297240368813
211.48874131235374,313.779540174728,0.9127034234006273
170.18823030679297,323.34738890225714,0.6017488780120961
-61.628226159695274,134.0699182800167,0.128853033388874
33.07414198531467,277.42139432075516,0.07132738109166181
246.24757357695222,314.07802853614055,0.9525165899257446
-63.514322673059134,64.28642889923566,0.2630597409673573
86.0413664353734,4.531662383389512,0.5108750875560848
-27.922595310868438,169.658507428329,0.060875221973172744
-92.4717748981042,176.39407831501134,0.4646134324840231
298.7418414740785,321.7331519604786,0.8914672996088004
181.46519066459345,301.8077349463974,0.8208095368869303
179.91928158145325,305.44730533750624,0.8131183214073939
76.79464216480459,49.638490114154564,0.17852136947396746
134.53704574931558,254.8481211756749,0.7298084372827518
88.68781456218979,62.60199429903563,0.3613982763600584
189.54762548770674,310.29664034091604,0.7010407221225241
197.6681690418912,1.748029012716175,0.7631077349088009
58.44575580182755,172.88030330477594,0.13090682798557418
-28.409894915854174,230.4813023254452,0.10572555974313302
-156.49463578299384,153.8537592970785,0.6289957877500093
-212.99238090277515,138.23085684955063,0.7012260299287789
-120.9740657166814,189.58870412059005,0.45180126281596666
298.6776600068346,348.63407813580886,0.9059321238333882
-138.0705792491689,175.72662393167732,0.53399639845087
36.489620613603535,49.36203447479633,0.039462061275429394
164.5752339098231,326.7901919427483,0.8635197056822993
-51.84031646904651,239.9704234619427,0.23718765417266519
-214.72646150009697,137.41672523995365,0.8235506303037887
149.97400748161127,314.50004188735033,0.6826194082048007
91.85782983757845,331.8392989020799,0.7581433707587668
74.66046973910132,89.41331097367078,0.4301301752714305
219.9550532726973,355.839020620417,0.8813290070383081
115.69735684893358,58.672723133727786,0.7194691619434955
46.413080091769174,348.05815110099735,0.20271665510761339
44.52657998729165,232.93907183779464,0.22155587645442787
170.92462041757975,303.73551447305914,0.6876153684962839
105.88645492493247,101.8191055459534,0.4262947842297826
81.30652068818834,323.79991006840254,0.45125564862506573
240.3600903099034,335.23261661426517,0.9299199762326459
-78.63115385202964,292.43816811970044,0.26979369026861644
75.236872676189,259.55679474978535,0.3409527679455535
181.2348496709161,334.89364855921775,0.9236476547346238
38.20208692107264,31.160511901962195,0.07654302035573923
110.20709517947091,318.00065334854276,0.8072465974251714
281.98276198282235,287.30350756742746,0.940857606130198
-47.23910216231941,99.23449772864991,0.09390325478085548
195.6217714846608,333.7810676180463,0.9266705128295404
-86.16943198449678,146.44942405315777,0.5863255975944981
180.8137882187347,15.591976062860569,0.6508911782011693
135.45614833250963,303.1359829033605,0.5808726825283439
198.87093796086782,334.318516134642,0.7227501319338598
65.34687389082887,304.40313426503536,0.22463325840863846
128.84883825204048,307.8062200084544,0.559707915833354
218.28762834393683,329.6975751380095,0.7757450282884288
247.7408955587789,317.8640093114521,0.8248223896481127
160.57435070488415,297.82053336833695,0.7981232093047574
-56.731667355880866,58.372431082817634,0.5199560696967086
221.82794983288477,334.0182520901637,0.9434191760890008
95.57228791380805,6.382176808907482,0.7183035101391864
25.94356957317312,121.93547658032678,0.04319125465329121
116.77684143516537,19.169128481975356,0.549130122699774
251.11074758356074,329.12270891859515,0.8852708489440084
-156.19195574456623,148.80692431033066,0.7369967035365099
50.36929380610963,314.9209802959768,0.13915453453816484
71.42819600418164,23.669017472952557,0.3435430401308377
167.8157837242575,338.6690177819186,0.9051523069448679
173.85749900227074,344.7775230618233,0.8858512396009477
118.25736366442247,317.4679461764554,0.5233751596306673
268.3555801129086,331.0519260541452,0.8440544177994505
175.8817917427971,9.701730522615351,0.7523550448242924
97.84380200138567,299.5757837330071,0.49994726103973997
-116.92475920109278,275.81463892346125,0.504233355171617
140.51329469730172,272.8083416983354,0.4757172787683148
251.54781494563844,337.99214972950915,0.9079983188064205
156.903351239978,61.91368647689999,0.5522171558895037
78.33776914745062,8.09628763104811,0.3711186477891526
-115.1500450468838,169.2232450811809,0.4252671313752142
77.3198970908205,308.3984429440942,0.19640620983169366
90.34936669226848,22.839296115555925,0.4374491615359989
-90.19136335461485,130.4493898753645,0.5982893066219315
43.62703890943789,153.2069824466542,0.21505753716794163
-118.43244230939386,133.60555229477757,0.4743010199508969
77.12833996542248,12.693286341510118,0.38867454107155086
177.4806452009726,293.73185857389524,0.9009977051242148
82.98067386492693,110.41692092839445,0.3146009287498349
86.27095687513442,282.9515199499472,0.586169701141767
124.64334556439225,226.05873796713595,0.777664032524551
131.8431062470281,29.10856138366456,0.655760066113952
45.50303429536665,295.34792112871224,0.16628470814277807
241.61407339491254,331.0784829681828,0.8934752168059942
92.93769130083842,30.53902729721631,0.7172988932827311
27.510267741416147,167.99518316595191,0.031362129086967894
-43.84097087049368,143.96255890394963,0.2585191253250151
-93.76968422185557,160.23163305105734,0.29847924310916907
233.3967350131419,352.8964823149286,0.9255886456567904
-89.16231645329445,207.0638393005861,0.19016170351640793
97.32167435527911,58.53219187795188,0.34639902966378766
124.00548767754489,61.974798319424366,0.6002933286954982
123.53201477952959,321.81283245007666,0.7789625823254483
-264.02196268838827,152.2870595372607,0.7377229542265296
171.64678692094026,324.5550836081245,0.7920429504088403
313.204364200008,334.4152030851477,0.897871796114998
183.7309686120461,329.8132794542932,0.8106316956018009
93.90690175475775,5.2616956062425695,0.526544241007189
-35.04002025143934,149.88149687482405,0.128546787455313
174.3105816912705,311.579383811437,0.7484150411651278
175.6769443028952,346.51588773520126,0.8952044506641822
106.99708130542805,285.00011539104986,0.6477094672733968
103.88716502990083,97.48807600705342,0.43912257604518234
-63.41877287390491,169.93799952959034,0.2639918133633242
-39.67791318800248,185.81111305401166,0.07891602126698072
-202.5307421814411,174.79213899968173,0.6273993909032864
34.37856160959456,158.49821549058433,0.07055587877035374
187.06355299498637,314.38839990785846,0.959824795080422
-76.39016368964154,176.80332422496957,0.29358943932713855
-106.80975755819028,162.2189504655925,0.41291498436153207
-88.87282365597459,160.43931115290883,0.39678206517067627
-21.04469116702787,192.64860145895938,0.05424399402899527
249.16259036088,297.0485294131538,0.9444873404822831
32.95509232128257,19.385400459134857,0.24206826004557525
89.38531358849663,286.7330169142065,0.6484023388040754
92.98418113515186,24.92236255215417,0.3279201572900553
141.7888251432218,45.13716619204511,0.5290679696902418
110.21258889363449,316.35620313565937,0.5916186831285841
231.8855322235183,326.86330394902166,0.8328604957117104
-136.2638082380702,196.1881231953566,0.5468232618253313
55.45719252230433,260.7544229252706,0.12860769227429558
143.03053402689218,332.98328433599926,0.8264900682283824
-116.19449752543746,152.73640781917078,0.5591252741556425
-46.121253615010204,4.629076525225514,0.1510270152155021
-279.47029769065034,164.29568157568707,0.9108064952343886
86.04863367225116,330.60407878067764,0.4351937922355271
-71.80235765370371,87.21481977945707,0.3609187427952951
77.19492899179357,264.74522130435327,0.14576153483514076
-124.11505381516127,150.95213770816383,0.5508162356306368
-44.82352638078465,158.6427261301633,0.1569977589689927
185.20996219945062,356.3920031911329,0.7382713427949165
-58.47053175179054,308.5687324465939,0.15590764194895335
69.93503151458815,18.37057923688404,0.7001876177487585
152.89623750873585,324.03118090664793,0.7110866637888226
167.68612743453303,264.75197027885423,0.8136263382721356
-216.49228111415002,164.00583133557546,0.9054980598427669
225.24810244487676,303.9669610167028,0.8904041989207032
-132.35682113398602,162.75877202412323,0.7655455563473981
-130.61041450760257,164.03299406383036,0.6473810963422482
-207.9825112653527,138.68463423236526,0.8112229624946782
92.71531719936556,306.7386953004966,0.5654451957760664
-57.064545787205795,310.15135452481223,0.5555743541610656
139.2642733022043,34.481118931709005,0.6828401264797462
-116.97715141376487,172.2322934526991,0.8586709961074616
135.34069212157956,13.188202977210361,0.9255259385286347
66.03340888353512,21.857916225047262,0.4685167850707963
-146.3411835033062,165.3994215297123,0.8368375570753492
63.18239386188373,309.265225664643,0.282635638529103
-118.19116377629159,188.64153995031808,0.42766056770083305
-76.15854391824675,344.9447088618945,0.16947959314894445
-105.42576564834343,359.0297785189808,0.3488850242706737
239.7724352674359,307.2008324525062,0.8417231465659505
180.26561561050136,306.96837848229774,0.806942421947604
-29.600348154081782,298.71176717702724,0.07622405907410512
-167.81886132474108,150.4865133582242,0.7453474435496257
80.46546385658652,316.99584839319334,0.4204800733098447
166.71203476276517,333.6735012064625,0.783701323130556
170.62564275131157,314.9461106074205,0.754254131663465
99.48389858521867,42.97591864892738,0.590103129166829
137.6931293414967,313.05414773869876,0.8174306416453601
81.12719725222536,40.95030375098406,0.24216543599965779
53.032371736611516,323.6092634426545,0.15808312121641022
-71.89213179488652,178.87131941807212,0.4200981996557771
324.48082859702737,342.545555695051,0.9466445948085885
107.76797330011237,312.4641839292418,0.8228276879084842
-237.2698293908118,162.30278680796093,0.8307238904248089
-63.41265982192157,145.6710506685028,0.3346103307091849
-102.28221287618828,299.56469870375815,0.24435321574363011
92.74187904372445,323.77797121151553,0.2638225666429538
189.07288613764547,307.4232371807738,0.9374598289242037
196.86506317601646,348.71280882551383,0.7854950064143408
163.7547525294873,154.6892716758392,0.7273542188526136
-154.0402895791875,159.6619688536895,0.7220576987631775
261.23405369030246,328.8074470022831,0.9097275124665367
194.85130692500385,271.0483764791302,0.8462579570167992
135.54994144396997,292.12013918416227,0.5957751197387113
249.07115875779596,322.2354264354962,0.9335310588844137
-79.16627712572785,148.75568578819997,0.20489946388021107
-110.26913251893566,84.70148267079334,0.8885246621016663
-195.2342280060486,152.37869164670843,0.9129156012019412
196.62274487467948,24.882450124221492,0.626292176210983
70.81301003942744,19.95611405974064,0.22454855544739327
-66.91656069694649,276.4911314112908,0.25429355072425985
129.26757288725497,342.6632461433782,0.8452101676588817
90.22323331471213,61.17622551179284,0.29035014015719307
169.40570101332787,292.6868677007046,0.7850721748671283
161.6101250609099,189.25457871425385,0.4824414271548195
95.56828526251759,310.7397171499507,0.44861936069791397
309.93324506400694,308.6357565422447,0.9061792802034463
-45.610435262586456,201.90257457363822,0.08691453740308319
-85.13509491271415,154.997805448279,0.33274999714977194
125.8004804881747,242.6734885556651,0.7569775211883096
-112.46639190456182,158.6083237030607,0.6282289288483418
207.2915101345113,329.6171349422922,0.8685100840598082
119.4695352641947,315.0253505450801,0.4486909250124327
105.58804987597365,304.5018961410291,0.7025039314265557
-209.55166917732865,144.65818148467324,0.8568763320704849
-268.62709812022223,157.1630525413333,0.9128537542838185
135.18554992954856,1.3888810209928621,0.9372277131858535
123.97368767144631,300.81188611498953,0.5872855522249703
263.6099175654114,319.74782586866024,0.7799042766923348
169.18371600709963,325.5944630027036,0.7414154947704054
196.00148764878074,326.0263798408233,0.8888144112380034
-63.500720973335824,180.3036014093766,0.2423711150226131
-219.3175923082809,150.2783481426552,0.803116951088423
47.01141388432923,23.920912781295847,0.2792384005391184
187.69378708315614,344.371044648583,0.9642713944802321
279.7721142996422,315.3001216575883,0.7910724430345304
169.09312820929287,43.81088033157456,0.8001738005322442
156.04385607612215,317.18922585227944,0.7647564572217417
163.5291105844942,44.25763847138239,0.543198803285453
-171.0930684084333,179.731288521942,0.8963992963772953
41.19876390946634,75.99602643837265,0.20731975029670002
83.35436137601648,199.49668170417925,0.45648732141999393
-215.94669000353284,146.528408419008,0.8599806312679279
-157.89602841721637,172.30769863898783,0.8206840664820358
119.59166920834642,291.4101548713986,0.7715361187265795
-129.8153866070205,169.2800598283913,0.8516410546972297
-82.15196342679486,280.3804429270058,0.3240836114856943
-88.43248151474968,179.19180830933587,0.405910389811342
-202.23098676415614,154.98708651060542,0.8033769751872059
125.26686117231067,320.8854451630075,0.7570369287372034
87.92945737474457,22.946443974616823,0.5325102092781511
137.62457760758033,61.768578283375675,0.5561141626344712
268.14402019579876,325.21721366265854,0.9385126935520179
-250.69786821574948,169.32834295104666,0.7861365193814377
36.1929123183353,54.21980326189574,0.3963288776556023
236.9489221586393,296.2183302788289,0.850103006840479
120.50592546823873,46.99052961552239,0.6855083824014419
192.90733492505265,345.9006096276558,0.6967201323923183
75.66618837771408,286.811165385554,0.6024156608170085
7.1601340646135325,38.41167919325565,0.0016669196458938274
-103.61218306866728,153.5592788705621,0.3490292946653556
136.0396668949008,337.5853289355603,0.7058006830489414
-8.481656658250335,313.45400997024717,0.006073984364910245
177.82016644016636,353.0599678567689,0.6997599268481818
13.842679625483015,251.05037271788268,0.03933627126807371
287.1201347413967,327.1664200620958,0.8266484752641037
-108.98894569024942,155.76801653289166,0.603607519770049
114.47510681363573,293.0664967554508,0.5921924579825599
152.7080618252826,8.047630715353023,0.7333404804048629
-80.72944312316008,52.04918866189274,0.24807869969066876
73.59733845303865,166.43954345074488,0.4897611374148363
-52.976515408883444,148.36159934322933,0.3377241229408764
189.86931039765898,312.45965838489604,0.8610891355569822
163.05397040345574,337.68497355743625,0.7240306492008964
68.16203343233471,299.55598906193353,0.16043912568164143
-159.5057101495131,164.0610822882504,0.5615771695111675
35.10663587114614,172.73615969168142,0.3662628116761524
-181.93175358914948,164.93286068156812,0.8994516497438173
145.42320168154984,277.7278645158511,0.8727479703864625
218.4273545487528,327.13706453918246,0.9236607248675212
77.17498121609287,36.89279710522306,0.21507784955507048
117.98291565897487,14.089245663927288,0.3782983135233723
145.07055301441315,266.0968593046445,0.9034007891479091
107.63450726157454,26.01609495692155,0.47716994381843447
-111.84472338124594,167.9476195433252,0.4671586200557497
192.13762691182183,329.01993729230196,0.7343608974233244
-162.93433390387932,165.72929807894977,0.800862440605473
105.92785836641397,331.82552825041887,0.4578721036040647
302.58934382870376,305.69290160525935,0.8739339055770913
-176.9817964689624,171.12057050291844,0.6001252025463165
71.32340267235762,317.29888301337957,0.5070893847553508
265.64510873230057,315.45120879233355,0.8496959927061727
55.525308476019916,330.6326047090208,0.18282222728648034
-45.76470173377379,275.70706415782377,0.15145928043262513
-143.0468688978816,163.9139972819404,0.6507379262579094
-118.29995661532826,269.4296361227262,0.47375920174222763
-23.99661736570264,324.26300753574316,0.04262312598900875
-225.30677938122764,153.00060382308433,0.6828104284384258
-232.4260365553701,160.17853453609317,0.783720550585494
81.93111128929827,6.3159208064695775,0.6108182147769287
205.40342550280457,311.3230472723087,0.8147261324047651
-103.57648679052278,158.7815537054804,0.6618360413839365
191.84482650100648,328.54911138713453,0.8437874434976028
157.19879712188967,326.4208170471162,0.8775079516860218
148.28278122652281,332.3744683076488,0.6415805145434449
211.57409282695258,352.6376420708825,0.8236879294699428
-241.71666259455924,167.1039218496616,0.8260920875105096
175.7248507467454,334.24597168595636,0.7596011041460997
123.77964308285954,323.00206209898477,0.5515804209128786
131.993330511342,24.077222821842888,0.35939790809130245
194.2113535018113,324.83680338070525,0.8477827514898126
87.61959578535097,155.7821799518723,0.34961964059438055
205.70140097715856,51.15751380436118,0.8617762066014014
102.87633183399238,0.14946345615045867,0.6956030116653505
107.11143431260132,355.6486514602953,0.6630280924307885
180.2833575111967,7.290279991269184,0.7996806952615284
133.44250676824862,33.614877363513855,0.555622896534189
222.017556226623,311.77129628817977,0.8460264652360503
82.10337759601106,161.27945182080705,0.415753775492127
154.36477837684717,297.3374635838899,0.9177901417443645
109.90041879491389,338.23510950006204,0.78452819487942
-181.67157763514962,339.116360041923,0.7112026384245241
-134.33415599519634,152.72352880304302,0.8384982475805596
40.43641389429572,68.93781524655809,0.14594587630621447
93.68519715671769,279.6359562859121,0.7821674335543078
170.5664474958217,193.66289750951094,0.5185699767281662
165.6226883707995,230.105214128306,0.8347178349061377
161.73544685463935,342.73511227472443,0.7333877625446834
151.93204309211643,250.93361563167196,0.7683904973353
67.8913541900936,114.20894655008964,0.451661892390815
-238.27789657261184,165.6315007010898,0.8932624952073731
-86.41877928086318,294.5138367461645,0.2467980951626222
97.77654076157854,128.77842511631314,0.549718445966001
102.396212062168,257.206693351536,0.3244474093640357
20.630601623379107,292.3512602725701,0.023650322933022827
-252.93573745901253,150.4488879696381,0.8084138772359578
97.98036903201417,295.20924581858054,0.6486172835119755
146.00740229887077,12.81263258084615,0.7923005648215216
171.6028785317354,359.39434753504577,0.7527917540041141
53.945730863255996,291.87466173744355,0.1559496131238487
116.93821483449952,296.79035272718704,0.7172602973187223
-104.11162143377261,184.46023823325544,0.5153394204139314
-166.64183009716785,194.21295853797685,0.5742672916169206
-68.56832674603741,161.65153487363648,0.36114764674485056
36.55719137259232,38.22008120544485,0.04302093220568037
104.86767984308263,297.1155381978365,0.4809763557165547
215.0741644851354,91.39484407824149,0.6883014682917217
144.44838475037537,291.58619185679447,0.8320016394740701
189.86926919888495,329.52709026225835,0.933821173313032
188.62045544135543,356.28224197402545,0.8302252306216263
347.71852281754695,316.8706732188601,0.8951886495463006
80.38886174857365,313.9341040634151,0.4499334232833063
141.34975088731989,328.32489307800563,0.7158331669467172
180.53383914382806,237.83638098546612,0.6542862679689676
-151.01330458581356,175.95775296018888,0.26787730951237765
228.808986331967,321.3898858436291,0.9018421859712208
-98.88165450927033,162.5151824727769,0.48541534507582673
58.63369393007976,317.18097087081713,0.2092634537083108
-27.666792267843903,347.6032990206792,0.0968561583202977
-123.72582191198974,154.05976637154978,0.6701812745482072
112.79905592236885,280.14775364690917,0.4772179227492017
67.63143904175395,358.70133738759483,0.3218825871221799
85.67738735235501,85.08185577622007,0.5340016014520752
74.61218781994654,289.75026890320584,0.13506040785803086
-121.90073425445951,137.79903698015434,0.6939394958556648
-168.1629006324258,148.85208144355437,0.8043773810139169
20.356885436408653,181.31572581917987,0.07050007224226862
-126.5186510061348,154.700951715875,0.3933131828897577
37.23183075505761,292.35182510865934,0.15457680656506156
217.87256182088464,340.91422955727865,0.9531630156353897
78.61831879432776,19.0934680778177,0.33546981070560955
23.910957827129945,21.969801785057562,0.022855211741705572
82.91218532775959,155.35621844080725,0.24810842683911516
-7.889108675587437,234.07565678771243,0.005084482887153352
-178.71414749107902,142.58297606001443,0.915814822106542
125.42064982362716,331.4163611893401,0.8716003261886355
137.51283255118668,72.73621577769853,0.45429678002736695
-130.4529563081401,57.87940127229598,0.3963115546225303
-101.99452748345901,290.2816707229708,0.6983207031072869
188.50273631776278,63.01829322045577,0.8414902056281842
83.45838529667445,321.15561928785314,0.5271717795984054
125.58907357498104,125.14781406061354,0.2658991910579064
-193.0012494480491,271.62231204251884,0.6708037167980849
183.1569060692967,304.0121867718373,0.8648974800978706
-108.87957061873281,163.46496569272796,0.32033419599237933
-102.09099012065549,166.17309766374714,0.6229270562192666
74.07813745795315,149.60628086218605,0.329430849982964
-198.08354380339927,140.0880928233369,0.7837979222194593
-69.07232636990058,359.2648954820302,0.19694771290901625
185.44915867967467,200.55834116916273,0.7253161815393425
77.23964829250475,70.21001339083064,0.5120795492603663
-250.2704733610299,163.10462078074298,0.8556822479417097
-145.94431556358836,154.70803912259737,0.7011300281505433
55.05067361078905,54.89023996531743,0.14371394158924555
-79.59757519565493,333.2399277743408,0.43583827765635563
130.33775057933602,308.7380753456704,0.47575494924525674
95.90677938227847,327.2190742323421,0.8652104162307062
88.40764805406724,336.1252788420959,0.619755069042647
165.2811799908483,157.65838530812277,0.5623905888938197
284.2328966084604,298.6081014109001,0.8939294870437624
105.47284481040718,279.76604541840334,0.6089444146321454
-48.85759447537362,105.41797151507062,0.1425767741377716
63.91452527573425,288.472280992154,0.3200155751779823
106.21853697638669,6.801766822961521,0.5898929282082652
-228.33499104161768,157.29312227214288,0.7773478313842286
58.20839104255899,6.697196201495686,0.6449782572889704
98.70320456863986,252.4049266950459,0.5020335293898346
85.10072415874215,320.8899060959113,0.6418381845741962
49.31219412740432,328.3354262773461,0.40079414943588054
178.26326605975535,330.9137613230716,0.7008386648429139
93.8672674000265,9.619715533170316,0.4473979781141697
139.90893404296537,47.74924674460823,0.506153456620251
-68.81722973605774,166.19812543720485,0.242275319198635
-165.6886481903825,137.211400961533,0.8909418858319406
-170.17173670755847,161.83589886402706,0.8514455491827186
-201.96038199633153,156.54204966242503,0.5605389440635811
-157.96295330510466,166.0048462471756,0.6191700602897992
-157.0617869621956,156.5838948001614,0.6859858417291606
-134.4528898881284,165.17870660677949,0.4355173967802466
-166.39843035300834,150.40502916897677,0.6507235431877916
-88.78853834875981,156.4151130525089,0.3368214851731781
-76.7181436478945,178.59987516841713,0.4227618394754724
-126.00958764578033,187.44872877999066,0.5214825837956836
80.25844239835291,339.5681069266171,0.6301501010482727
23.935560968715517,129.5582522650017,0.04680858929549525
-86.25135207722258,115.61296729554716,0.4710424921718621
202.1138038311809,346.98780487840764,0.8456695144920924
216.16606006111687,325.1613808953998,0.8646180379107559
-75.69903467838921,51.042890467790244,0.5441647679500389
-31.098515351453837,91.50613861993789,0.0501386255633246
62.80860765534366,163.95154892254223,0.32904817871385494
210.1220863528959,9.012673819719762,0.7525318793688724
66.21229497534026,258.707291519308,0.27752247847587763
132.5016255886428,341.4589940585991,0.7564288122368116
73.08383225143558,40.86246251641596,0.35555095276126447
158.98493386607,282.53020200346316,0.8037813128205473
116.15657526245968,222.39143730559147,0.24463528482645214
-123.04699867758472,168.80731416859842,0.7025151277692168
-103.97624320887648,45.293069941823944,0.45303280903691445
-139.80408121667614,154.95144619812723,0.7172929990725656
166.32261016394327,349.09248520244114,0.92872929690964
-197.66167354910024,173.87731868823343,0.7848751015694658
73.56964978984325,41.775654533917816,0.5115790535636586
-173.40599790678974,185.27117884514692,0.8359747718520314
95.00937507889627,313.1006135642925,0.605588843808971
160.70583864902346,1.3626038152550322,0.9059474818311505
137.40250236983107,279.14752613759106,0.8086799944203084
227.13889520566138,308.40383382447504,0.868923820139385
187.90023488814091,317.9451965282568,0.7570936341211074
166.73934606962473,315.5630846686066,0.7927462254675248
45.8123137819024,192.8155035882627,0.29258814995346705
162.0766292259207,295.45294861432967,0.7904246792089863
171.6046451098726,345.82821278458573,0.5901946954018187
193.81470536343988,173.21726674820945,0.5377869145797243
73.07755903520619,65.50788619269427,0.22271410430817873
-71.84955225014882,188.7938645230982,0.48809541310597515
138.5614656334106,8.081308149668475,0.8264649745304058
-70.96791088646414,50.070594990761094,0.27545710520433697
-43.29632943354649,151.11277768231614,0.17343818024394697
-39.55885523010905,191.74101080321927,0.5622547943353837
48.9148439201501,65.58946637160714,0.11290171326455223
167.3070437099314,333.97278886102634,0.7365614788117603
138.22467449733753,69.15368683148924,0.7677852611767351
-76.0755627739002,90.85378178239002,0.47255415115639676
166.33323880210486,256.41558187146643,0.6667846831825741
114.59297912168279,338.61394134965843,0.7123683246445297
-60.36129008162254,170.3036931367185,0.14018613001633717
-150.02145562110945,169.46145917315798,0.4461091107957167
-179.26789364870274,154.62748446107165,0.6010041936410372
152.11867191202808,314.5359324207552,0.8824744868094541
128.79212845466336,64.62301168967593,0.7690670500243862
-57.97163986013712,88.47590506688968,0.22172657359514292
-51.680410548020255,174.32543990577028,0.19194327678971446
193.4925307318399,357.6421819906425,0.759509940514296
51.19233903928334,63.667457742136925,0.24693163391505746
-55.55638991385092,154.9575925767402,0.22631576224523553
-92.71720554910101,201.64004469170902,0.5030097503993904
-28.550288406525496,51.38075315682483,0.04467279824501702
233.0783343795209,342.670217109743,0.933262323715965
189.76300166730965,341.5749068822752,0.8512838101044132
44.99911034210562,26.38684211510256,0.14904926599145696
58.49725605818149,299.404299580808,0.13923403483190655
106.79587895722862,311.5819049212474,0.7020129495838019
59.76221893128103,73.52068158892413,0.1280257163762063
188.32314195366035,285.4013434302679,0.8694471817408069
105.37060775200771,341.839390538939,0.44618950055282147
146.9014818085502,352.26092397801204,0.5946130633272901
175.69958823007013,8.523780747308374,0.5439756916941614
105.10470384219029,234.93197598185833,0.696604904195278
-129.48081342733508,132.96502863624187,0.6798610248085593
144.5601719492228,358.3848483496492,0.6662810263558883
-61.658799321350486,32.13583504525269,0.19975369463263337
187.85074723452976,330.23328151199337,0.856056454882077
154.31964140733626,312.98793035355806,0.73009665331442
287.0851185906146,314.09681779473374,0.8245161318820491
170.09770270354156,17.17404313940184,0.9001384930824728
-134.8510556203446,122.86944481517028,0.6496028350209773
-174.7651525865584,165.032003549847,0.784936204598044
97.55120604544884,292.30019367279226,0.5886527773671717
-155.99709925112515,148.68622263738425,0.6888657614423316
84.5236866875761,308.38175427583525,0.725672415312716
82.30940065838568,305.6137762728377,0.5005841258713295
74.96411349408939,286.14231558940537,0.1685068374047528
116.23124361030862,314.4740838606038,0.7664254920687681
-138.3320620933047,144.83165216656795,0.6662238246187939
-30.26087820945412,28.4814165492117,0.06669851931307769
-47.36263465125171,227.622150819081,0.17946857951990058
-130.5972521362259,164.54757374662162,0.6701899018001534
-49.460514938473935,92.75202538832814,0.4020096507440415
41.74032273201517,210.31257987812145,0.4467003434199658
85.93294360294153,282.24492053909,0.5147052913554351
151.8421726926659,334.63273817994,0.7481763160250976
109.35966209000323,269.65695558174605,0.5085650808857535
-179.73982589607866,176.4044044868014,0.7205765859530034
-203.67535796343205,166.8739163073307,0.8567591603227654
85.23080769912902,322.7777807940206,0.4831666943991888
98.34619136984512,185.44755881000827,0.4976752104548885
179.10957942311,321.19670259821174,0.7732551033453104
166.3848131955984,320.77378654544447,0.6163028588455732
204.79985559833642,330.80414464859325,0.8953412313573832
262.69615956186703,337.3436813621092,0.8523169925813254
-185.62497036358883,165.45086352911986,0.8278454515131721
-305.49261811915835,172.250260048594,0.8487019461267982
126.7456757080055,326.1829499471847,0.3622226958988496
71.68562695597711,333.95435630786926,0.5100121331920323
178.85025287993543,346.16149210869156,0.7150874290939729
-68.62223282975773,204.8916261172224,0.29499906419059174
160.83350837699797,331.83127899610054,0.7953030243869267
113.3051279308459,24.691990053624796,0.5411837340231505
132.02827241434755,52.81757687246214,0.738750925277152
116.87612576804356,340.7719169319494,0.8673766416599807
-122.64705506557354,143.49195388328297,0.5403474477824014
38.8587513656536,22.361018276759616,0.24147690253312726
-36.29339951832359,337.73915258061345,0.05006434473650645
42.06067275728931,69.29077469586427,0.21334733744212886
266.2275217832273,7.259428298233708,0.8876557080542834
139.23180765016141,152.42325743506666,0.8281901561263225
137.75030596697408,282.35388749196414,0.7303545256178343
60.63232352080436,49.53636858032171,0.10480652644653277
106.40940311076167,8.39599686924358,0.5828800558808487
52.44460413360723,290.16584745167586,0.315231706643204
228.79059018035892,348.02150397559245,0.9164090578725539
131.74853824828256,296.65776888787536,0.4119349445522056
239.3105562777042,315.4633133262825,0.8893436846990117
48.30983494686286,73.839112188667,0.33351238631269653
161.65350114466415,37.273527311875114,0.5533446165246508
-89.93841165371337,63.313612112659825,0.28546563279212467
195.0221672247476,23.25286800142564,0.8695421851920181
138.05398733858365,12.345682138939994,0.4341527858140035
80.04331217545592,328.52548581733197,0.32143020271809364
-117.21651459050575,185.3066047880028,0.4975813619212601
-134.70003916004384,154.0223102399413,0.44461235968098944
-209.9146153147259,142.8389143420975,0.7804118545150255
110.9502492096311,316.1197237896777,0.5033658408865931
143.84376293767738,320.7628095383064,0.5867250846824046
39.48262860373489,355.35468797132876,0.07817980083013165
118.83194498801197,196.71247859994568,0.7679271628430644
54.4766512921067,323.60947758042806,0.2521244796607168
108.22030038430299,338.0274741365467,0.3855488734242549
86.86173727841332,162.59940082603967,0.45518947943787447
-62.63889973832827,228.56302038777585,0.5845315119920687
73.88567341123377,317.0983322699016,0.40996945661494344
126.25031706987085,323.68181931745573,0.8586995737589977
-117.78581053515832,144.2284149547683,0.3684960523426364
-40.612306326217265,177.22238763816867,0.12722467353451972
36.538998176650466,21.26090708611922,0.20026114481926638
-98.44422826769554,203.59628430650034,0.4985256181780042
59.235979590247624,321.11081744562955,0.4704496168813249
272.31636841750066,335.6510461822727,0.8752171620270045
293.20956485676135,341.8432549753033,0.8630195368852409
-156.12309767254558,168.551706525999,0.6849307251213601
-49.0403111932608,199.24918839534345,0.2903949989884935
-145.40773348773678,208.39480750345362,0.5915204561722223
128.58261448076377,329.0529398855568,0.4786104465414316
-143.16784049363847,34.84147578162742,0.7138032309135909
189.48551827054405,2.3361316639710448,0.8678725948184506
232.4062464757497,49.78725026052599,0.9128210028375147
189.9172416995387,344.32081071101015,0.9169423414723468
-67.14078863977485,161.63444108553406,0.3797211369401382
112.65842052850611,221.58296688999167,0.7080611081899179
-121.12830603658622,166.6025535230181,0.34570987431398703
189.3033407495769,340.3101454308614,0.8145438648682202
193.28686659661037,304.85599233521503,0.8112638075248704
-139.16209138139018,157.52102998639637,0.736731552872556
-77.39948195648603,143.20670060971048,0.4900866880771576
-221.75635289357768,166.27005792630223,0.7082923407957937
-84.41067083697726,63.618591981662746,0.3954564916076554
113.84559968025565,294.51854575877223,0.5435474300265789
251.2052741223799,354.93596141493396,0.9404870811286484
53.205112875697445,141.58712709682231,0.1612572598027825
-208.29831317637473,156.043513132929,0.8280505111729872
-122.99729594220214,194.20470931403358,0.6575481409098555
23.3431920114308,40.26497669256087,0.03445772291688465
60.257040814634216,146.74862273228013,0.2550621522842237
98.22734752184272,332.0486405757413,0.5434570801037901
-54.90199314199767,146.57303699037223,0.19848900410229497
101.56169900859715,287.19948350441666,0.4500285408950685
-48.955030141666825,169.11931377058514,0.138075533217213
116.98740146873043,255.65322554423753,0.5580909799284755
218.42721152061253,22.660743497365356,0.7980862315430531
91.79226401018046,19.15189853651004,0.32983233891098784
-59.68381478676212,166.2448444744705,0.4709468170846106
62.60199676198022,276.5234645807421,0.2921338339062761
-105.24681256913678,142.82435881981593,0.916787650979585
100.96905720233111,277.32301984728247,0.6481166571635977
-65.32242469980935,219.72954887085027,0.16602529051308523
115.17099067347472,351.5866615949376,0.5691782987692946
51.781826569027274,1.0183602955735507,0.38347573600835816
64.84045324176246,7.188367750269962,0.2867378533301922
190.5259152969168,300.4525100805315,0.8823017109525845
-71.8923952137813,159.75269378852016,0.19691718342582276
153.45933869467225,273.99285961738684,0.7925256725774747
-1.9969327137699509,233.9764416756577,0.0005464832233901262
-86.12784850030678,62.54369134802914,0.5883013610680254
84.53512644634982,23.981640868536495,0.38236100231644354
80.06404924084192,319.3370392007712,0.44044688324088865
-257.8444578278845,163.577237982641,0.8655671361782217
-85.07888450876325,174.1495153077794,0.18681037836794478
-128.85040611918882,186.69629957511924,0.7640655919519861
72.3047676832502,13.213867617256321,0.2804030836250845
-20.097845996325894,120.939609532319,0.05726020089309303
79.1415139457657,12.555493803870357,0.3876830751691258
-88.31733054389174,137.1752407825515,0.5637110185955235
171.46620410056846,331.3728646445887,0.5746990436277637
-189.49864270579533,146.69630057962348,0.869970250635822
-75.60070847726602,161.1550592195789,0.4158663693004607
185.81917733774762,328.8367757362252,0.9014712425004947
116.16595028288387,325.9260546995071,0.6891022108627154
223.89338895957192,303.14711250379173,0.803661078746484
339.2749660305995,340.0565353563504,0.9250852990891877
139.79176925507218,15.35137589625889,0.5309849502358275
146.500172315524,308.8393080409262,0.8021855896914787
200.70135000658942,334.68248818606224,0.9378221351385017
117.03290793849656,33.57452093928094,0.6553164467316368
112.26076552657348,356.905306594866,0.5199626473246596
124.20062262215714,295.71906349905294,0.46509786907210526
179.49570930153277,307.4710273894482,0.8671699667175122
92.55157701833367,76.73191031042094,0.3310059397454813
100.37800880609386,339.46432140854455,0.5727636121489659
86.34391909853807,335.9433328807231,0.38560998185983986
128.3800243131748,41.82491551274704,0.7297973177251378
19.21841064551124,342.4522795111907,0.04455879805678642
83.57847693467814,0.006046633023325506,0.7717625061102573
-92.08861421481836,116.59047455338167,0.45420793911477186
-266.6267688093891,160.18982092346602,0.8617144448949572
69.97813527377113,152.11590782795153,0.4330192754648219
-63.4626935617424,249.3224903385269,0.2779656065197854
149.6434807875013,327.74917678146664,0.6848224552137873
-116.08134270653895,183.94829245319198,0.5471119893532455
-284.4594055214814,156.02869734738923,0.8724677936218757
137.5021283252244,337.36287905134606,0.824052013212665
225.73147973273274,321.8848168903862,0.8978761568095887
-36.02111348557382,57.485629270303214,0.06702615842007675
194.45830525249517,49.21297182346026,0.8239173059008542
159.95303418886144,315.1560622123968,0.7642127990081593
-30.14997942450485,137.92126268910874,0.0390697015449013
-116.47722721088542,172.59090980712983,0.4682251385834527
188.1408594850291,337.1857554629428,0.880462622832173
118.91105832340904,291.9426003254644,0.7520238649449762
39.677906813499064,194.32192500085608,0.09368186443886162
119.46074828177088,290.6403841499344,0.8413917825255687
115.34102967139458,322.4121782476675,0.6832423548176396
-19.685585995931067,254.17618029299243,0.09669138858225945
155.78239904505352,358.3646795909083,0.6189975384050546
144.2336066218667,320.3311753138744,0.7958088054160053
113.58936599412571,359.15884572165885,0.46578191433811467
200.44715567534274,136.6376304976805,0.7157416945430426
225.91372824181437,273.04260086167915,0.8884667015594923
108.56978354598314,17.50900760128589,0.4650338544766951
100.60725990039745,319.6441098364046,0.7218985410503043
309.9610846968294,328.05728241655265,0.9475364350500987
-80.29971576244104,155.90856447393972,0.22017625914426153
120.33081134393846,0.6661659729318476,0.5339649129353644
124.29596677727449,29.45803153073636,0.6434562270030486
130.21519657712003,300.8342988025035,0.8289425660790937
149.81800255847463,320.5993140279008,0.8035641943972468
159.39136764333517,325.3621099291409,0.8849489408143486
86.20345365296808,3.928031311056869,0.5522501324791669
148.80890263587176,2.9024922368630497,0.8316063125254272
63.498379640536,342.0797723422956,0.08065976098260563
-89.68547070437376,170.4862149299368,0.35623334829855
64.81875012045413,294.0332191518324,0.4268284012036788
-59.61308919353914,174.8813852934847,0.08824701220496833
193.13004083676205,326.0839950356261,0.6031681867033651
143.07736054347473,316.4726098819151,0.5739872679477596
-122.13515712637867,143.6102344860712,0.6647866373920488
98.89640171064458,316.3449619585004,0.39110924029566707
57.30956055800245,23.192861235895176,0.24627005437142724
225.00628316936496,353.0916202537378,0.845894150308064
50.268971463246594,30.385839892739693,0.181977639203878
-179.3337939626441,146.3373618278782,0.5083075266312485
182.94407997790728,329.38614616279483,0.7130522133028692
204.6916398624415,253.92396336196668,0.8032154605842241
-91.12979983641964,172.5945599841622,0.38865582479326144
91.4777718241156,75.13406451566404,0.5320710315070756
228.92696770652591,260.40199895450473,0.8525519463133997
-189.1843090895771,136.0109949751993,0.7675527364682444
115.53398670090148,315.62089283416884,0.8685720974062047
-204.64694115296513,146.75383767437393,0.8946391272096983
-66.43315852540337,61.76057140107309,0.2770949538387726
196.9038370910605,332.1935257958354,0.8392992662643499
68.47418592529853,14.826288395769552,0.3383448805747944
-116.67496179462415,191.9135790647695,0.4743732446456763
183.74501872786064,350.4695739886591,0.7671759717805888
-75.92472029819963,150.25023886376243,0.32356380530249795
-119.57108256015543,157.1220718632544,0.7673055309952554
116.7659700822154,0.9495914033157853,0.864449789773237
-166.09166741783758,181.50187648181497,0.7504110464592733
88.36397534989531,35.32816182004093,0.30862439631449057
-68.48506439904195,166.7004964980656,0.23107828361343852
-96.86275531431356,167.6780567551942,0.7306674875109639
200.44733643270138,331.2720765947652,0.8719956044729339
167.64898240575022,328.1620969366148,0.8207336772854275
86.2048083053611,347.3300966367298,0.48189995429694243
186.1123627944623,330.12091232866356,0.7671766110698933
112.51484971273014,347.67298603635317,0.9192415648625075
28.204232478241853,142.15474540349143,0.10223942294693433
162.50073128321438,11.944238671521134,0.7950271685741622
-71.10137420244801,144.2016096184592,0.38179607346482214
-105.14279816742267,313.07150280551963,0.3589672436278073
66.1901659218736,180.12757955074508,0.1888919324071483
332.382859325008,302.3673536884991,0.8417599683585496
96.60717820405362,352.0368134769368,0.5735698460588733
273.0024776018922,332.457610121348,0.9282007599119207
86.23114607575944,143.36136101558088,0.5681388694529619
126.52668457202736,324.2608004118634,0.7328464896135359
223.51200735367,313.73541945518446,0.8655859309245622
189.2706858451447,311.5977679050475,0.7543849873904729
154.2572989193944,329.60945813908813,0.6357031314064793
-50.484637272889955,24.16786865042758,0.06819774357540276
-10.250852026710215,270.7627861374265,0.01792738878153821
176.06549512232684,314.471597022366,0.811670092263052
32.70312193722247,331.30928489230564,0.06788535404001161
332.4635193820051,348.77309305111453,0.9179515434767919
-187.50571742720817,172.329767074874,0.6462998155893857
-125.79708495591125,169.11995940080874,0.7678161412985637
123.39389728836454,331.63276463863053,0.5979138998463429
85.14483576632833,35.18405489523863,0.2724274992289425
194.28238885118398,1.7394771667867654,0.7640803552577234
111.73499055625823,312.59616911453935,0.3959560940080993
138.96906858555005,32.263232988996386,0.6034072479480962
-286.6267038585912,150.15099580014203,0.9197699592320484
23.014085008141574,323.4407751700794,0.0512513632373115
118.9917953660155,328.4687572517414,0.3802694654711192
-66.56134169261279,105.50515497996099,0.30045467172553686
106.75433431271004,184.9916810725352,0.2896740480081321
146.76570815517982,81.29878252807582,0.4392274723487962
123.56583908510154,321.05165826248344,0.5427177488506103
153.67737797862773,43.95539826289977,0.6158052233191392
-67.60307898446474,151.13071669499033,0.499238189025897
92.20370995142596,46.1446896080584,0.6202317798577699
-282.4197047751265,175.9593388361529,0.9294042799510666
260.1866491522155,308.78915903223657,0.8681006166452128
95.67684220328285,301.671467163057,0.6227557884654424
131.30676971427863,6.155748410116791,0.41635548724746707
42.11173516341083,320.63248641569066,0.18446793309623044
75.63135671806135,9.504520599981294,0.2786372520306234
168.7175298042039,323.50619375645255,0.8488678213542736
-230.23310133086503,187.54641815796904,0.6681577316929108
216.17500889334926,341.01972698055874,0.8077842940491591
100.35331851507524,34.422801033699194,0.35389924694126096
-141.00360078060922,198.78440374346133,0.5595124854600384
83.54039231654542,72.84673806212054,0.35775036996136644
184.19990383724462,345.1988591145833,0.7048028210949079
83.59266670089393,110.92241873028216,0.6089367830597019
44.68323970214469,173.75441736158007,0.10325548970241472
37.83031101611504,316.211476169669,0.3380443963771178
-210.28599216046436,167.29395665973985,0.8920722914646624
-89.07903998445727,70.16186453926483,0.32509800003380607
-155.1561442124527,138.39426529793525,0.6437611611634131
201.56765853163049,333.4373931170111,0.7718779539628078
-140.49722581908176,193.32764701792925,0.7469459832112795
190.42448996632504,335.7104866380508,0.7943511104865201
44.485020617226674,260.5442329626048,0.14307195827249408
96.45118918061684,249.47585555344827,0.4051281140837819
-198.34985616856378,140.4158961591108,0.9395327972821583
160.28607868406587,354.0931676891427,0.7036722995739292
113.32674651464858,1.360267843627553,0.6082880123348262
156.57827786035674,339.12286024635966,0.8411401804929257
132.6691669015301,282.0529714655115,0.7761070608676438
112.558172899596,223.0720933397483,0.4612996408307356
205.8848676284118,2.504717050579467,0.8297071598202586
124.86057533278272,346.2070238210617,0.8159146813156448
-17.389044024063047,38.98578671729831,0.017989045229289458
86.74703960428847,325.4140515726259,0.6624170288653833
-19.87164021113158,56.88625541609218,0.07035474058995561
-74.49819476356656,223.69933701787184,0.28792254441370413
-237.96939177450886,147.04800840995043,0.8473191718246309
183.12467643349873,294.59727053490764,0.8687069660987708
184.64946010799028,328.95735536276305,0.8249152902854872
-176.97459729633906,153.65693092407616,0.7333439552559633
-12.90326660825651,149.0023352442298,0.009847891991915492
120.8888124485034,146.3418610130212,0.4333932953667974
38.876804728605954,62.00989381495329,0.07027412183173798
-176.92823682764902,166.6077678685122,0.5892133665922723
-92.03165413140823,202.3998748539401,0.7250136398743536
-53.48271570572327,177.35151128593503,0.21083237150913448
-151.33241403081078,283.11190748664507,0.5113325054670099
146.29025918878656,356.3260342765657,0.642912380206951
142.48363801016612,291.999127158049,0.4919798189184793
94.7483664425215,313.9090811046015,0.4828438023679107
145.50135467500087,329.2753500598706,0.6420039821588295
-215.1426749927143,166.02185846339987,0.9254827077755766
-54.22414404729229,173.5691478621232,0.2906589476395858
270.7390865043803,338.9961374291524,0.9079539199295483
87.98576457165709,5.589355549646256,0.681015522631404
123.07662617502945,9.6971678309592,0.5161412420068423
190.98058940930676,351.22731520723545,0.6972261451494899
68.92851490785735,352.00617910340253,0.6165086677078908
175.2287914146748,213.94685167484295,0.7538478897914183
175.9744531517933,24.613476841245962,0.6505739221524194
26.91404679331762,105.76135504974546,0.022905475731249014
-183.16054015677562,161.57166918666283,0.7257594572671733
-183.45421675458041,343.9534106599224,0.5801684392052885
-91.85003131774444,196.71520028293523,0.5657421321840528
82.86084010716539,185.2266747675787,0.29067060151367063
95.95222833046229,299.36410136739374,0.3844602924813427
