absA_perm,R2_perm
75.11786524192294,0.36242742841468256
149.2006192407164,0.7865503122953414
111.95997577764001,0.5059580495403283
202.73388938056988,0.9487197785899287
195.099537660368,0.8492611888023045
74.96976790119926,0.5064475485145472
91.82599342204315,0.49140247761440814
47.95794703578936,0.5205439254683577
221.17580942008982,0.9210089172376934
10.719299705376242,0.02463038983164778
105.92750966933923,0.8726818406410474
137.82853016099563,0.8154973062708315
121.56096254194658,0.846212833706374
134.1660558022217,0.8244220470859712
91.89894716313574,0.5296222501613264
47.987130692797415,0.5315211500486956
346.2202089316064,0.9559239646315845
106.44667957655548,0.6582456531923753
204.720644756843,0.9069764355502631
45.24195866903773,0.2432340530615852
237.83616181572384,0.8402595617410671
102.00585057396567,0.8447236310539405
279.330393367796,0.9712295365279877
160.57317087299722,0.8906033258278052
123.29312032037535,0.535173730122386
81.82802212325103,0.6553336426123006
24.58072207522235,0.08362091103264269
146.99879210083165,0.835506307155051
151.42226523026554,0.7392885951846118
175.8163012392096,0.8369461562739
175.6342701528568,0.8809155966922594
68.81247781709111,0.45902506159833045
104.56764176062156,0.7179446355621647
34.72419497256846,0.2686854711267572
149.4755298352124,0.8977092412258529
66.24931854276939,0.5647665031255237
55.557962288883964,0.5309837156286648
48.089771994085915,0.3076488404343112
102.54460586483658,0.5951196147789347
175.9728569035104,0.8685837072145207
12.169075935678975,0.06410487381504804
39.13635760250423,0.24054166154912937
101.29637588226223,0.6649786359934041
62.43433219135655,0.3778369541849398
102.53197063298424,0.7271073539976007
181.87330315607358,0.8726458505062983
51.734116232725455,0.5135275933795396
93.41596259528126,0.5176034226981675
108.55279405255885,0.6151502969455713
63.398149193882865,0.2814680455935643
103.20373439761991,0.38303939914486695
111.34660572220524,0.7830359770031381
136.0756737966075,0.8270054671994091
233.54315645376354,0.9052050827515075
99.9738536791437,0.658670849294992
41.28537757843979,0.21645984064702473
141.82446840031048,0.8465496587537156
284.6740661938206,0.9596622571147158
153.1203632166492,0.9101354466807478
102.47050785003776,0.8185943012883429
89.55213115336359,0.7790691133810146
83.66642583298908,0.6580681315052339
198.84784562162366,0.937420817615314
59.610332015943875,0.502681887324513
104.77467346370398,0.7556995985993035
95.40326118070516,0.8513464312960582
46.589165322352784,0.40417419805480304
92.23921391161929,0.8055505584653418
177.2793509880328,0.924990193159111
29.61826696698822,0.17687348118539503
145.91628498159852,0.8734014562787218
107.40961933260814,0.7472403210547207
145.87115786993303,0.8819738799436393
153.3635327936069,0.7960293563760209
168.7324326013117,0.826575439570906
124.11632168811143,0.7492758689988985
233.0111752162421,0.9304631807111307
91.32630564192839,0.5636581435929284
142.43487107282652,0.8455441955698022
145.34425466320243,0.8425733421619421
15.326700532644598,0.022715954522034565
30.57477378196715,0.11126472276577903
191.67627556873094,0.8564387098932938
75.68506242382865,0.7891201274597786
66.75480769033014,0.5408753075351338
145.28967863711796,0.8494958827317343
102.13945877297873,0.5903714576782988
76.71058706482013,0.7240753645440927
58.60831075886006,0.396455753791342
112.31202893432122,0.6565156710299067
89.44176249546904,0.7919446738140321
97.90627614072835,0.833180097191383
170.75462987070634,0.886979297171028
190.51501751259894,0.8813538998202526
166.37326051504624,0.8796997256845989
101.87754745697762,0.807840022769404
25.26073894271087,0.2146906460451612
120.8703158848733,0.560243659236562
178.91638594831426,0.7479437548194976
65.95531896454911,0.2316593130663276
53.18724930132471,0.7358788080337084
160.44271583891066,0.8559145886929227
137.01196443835113,0.8586505764582937
65.11189086472555,0.6816408554250373
164.56134916984925,0.7900168452268344
75.67748864834118,0.5052726531893208
146.70384710182074,0.8035670116441678
60.3678765671342,0.6795856066396992
134.18563142161574,0.8627334933229907
161.28797957857117,0.8387919788164891
110.93037189551558,0.6634914133660565
251.67340217986455,0.898948809422562
42.1933570269913,0.25946235135284823
123.69624225280425,0.8425291871260663
48.625020688419916,0.6075544301146807
136.01871813904978,0.7359272464876452
64.98801274416752,0.5087911150537698
125.0750526815251,0.8246937451472811
73.99374060443475,0.5017589395362912
246.6873460152396,0.9080951898894246
47.142999163184676,0.38946365352192014
206.1837290846322,0.9194049747549021
58.35488645683941,0.35788720860380685
95.29354155263869,0.7780392067461656
105.27120952040471,0.7781972720828074
156.14996928875237,0.7882294895966954
117.68899774168362,0.8335570276579239
146.65347470323337,0.8780197101002233
290.5983337503757,0.9559696067114324
95.07701961599928,0.5210325053545692
53.21200576555376,0.24204913848539245
170.62112587182423,0.9012774175605034
104.1149330547594,0.6868367785287839
115.9368466360691,0.787966253096219
67.89753447791173,0.5514374795845951
147.8896623069825,0.8624773868934081
33.27142890687922,0.2399898662908142
14.418122163415322,0.0478378088750564
127.4488739698427,0.8298597004192548
230.36840968287933,0.9492419695441345
154.91840114751088,0.9343506201207156
64.78855018448753,0.5351978086180693
295.7915947036756,0.9638789683002638
61.166899438012514,0.353641868019942
156.41352189869298,0.8404785365986109
151.04467554724448,0.7018924790689053
69.13170974887093,0.4064566358156789
137.24526957364108,0.8416563304731763
82.98297469411409,0.6192518000776364
68.09275930757155,0.6948831671766922
30.72162074921969,0.09740716714291231
132.68482334950062,0.7876429707794491
132.38819884624726,0.6101050401869325
178.31570462650595,0.8560109620040541
80.21702391468538,0.7875940168507013
215.44588970709756,0.8954552382949178
110.12181142755644,0.8412873424935317
166.81796307133763,0.8593523979053613
194.88359707362912,0.9207737786877135
163.49497134615137,0.874767592894933
104.62393438832022,0.6184478938273495
50.469275290613226,0.4505320575819173
52.5498611319071,0.34386930238229274
32.00098067887847,0.24013751178851395
46.50098488331832,0.3182656306758537
123.42747493668813,0.8332657898656574
118.45558424580204,0.7757181682825381
63.26078070385437,0.3870320421818779
49.67141660405707,0.401636275481825
102.46081669394658,0.7689172669572131
200.12887420876302,0.9030066497511787
30.71857550420624,0.10748147071495162
54.734733304186754,0.5542590948920146
111.08248243190988,0.7015494594946137
85.75768926716907,0.7665645896145141
123.31652956848028,0.8819080652578728
28.585959544862888,0.15174040487132845
94.20628673069979,0.6766768188222713
160.77179141636512,0.911634779237343
38.13540752726429,0.19406008133366515
122.31156375413289,0.9096834775088699
58.45133706917117,0.319664585180354
210.07508542067222,0.9379068371650089
181.68490713775117,0.8559525159266446
45.45382179422425,0.32037565986239147
166.05830381925205,0.8741482685766122
213.8603705482829,0.9125776640257457
89.10915359551916,0.7403382238555447
82.36357641356042,0.5265148247328366
227.232227562917,0.9307160307183834
75.83612706771244,0.5421188462679483
251.2131370482678,0.9074520159123137
198.29639692052103,0.9055241671088041
96.10827238931867,0.7867998380644593
89.6593260264621,0.7781415317779348
173.92132753176924,0.9048441914632772
155.93805715952692,0.8646416345121352
15.23187652797992,0.03687713389310954
124.20540442689247,0.8885984267143183
122.56994092147058,0.892153029762863
51.02797505349158,0.2732927217482075
50.396516928794625,0.30992472815544303
118.34954886292451,0.845545459068532
104.72488142891628,0.8327938403808682
48.51675642188204,0.36292593771965465
134.87291551230734,0.8483418629923776
105.10454735062078,0.7188440608680342
221.65528019080514,0.9277826576684011
190.2660252296974,0.8739867393717138
6.014000155662545,0.0075162004303980234
80.53597566085838,0.446636443871679
218.28604470975793,0.8724321734999039
183.85236136279326,0.8497717257013473
175.01953694820943,0.8970483288814677
87.79605359726152,0.6348821321603522
49.74877042280417,0.45999585517089303
137.1331445293434,0.7901956602645255
130.5102558837292,0.8328950910220163
6.041786323690691,0.008785386198256195
134.09825386867342,0.7852137523170557
32.048561844604684,0.1636845551628281
198.27928612507827,0.9371093124831348
75.8823046577266,0.27852321830105664
161.6634210873778,0.8268580351383314
116.76599199586924,0.7512464119250134
100.06635250113041,0.7680625161591398
38.51274697332664,0.21906709087808962
73.53065669573652,0.6351904285473824
163.04633121146577,0.9225022869345654
187.03803440166683,0.8209954412433274
122.93304971496973,0.8069731780744288
147.35423463549745,0.863531051346676
132.4113764195215,0.7957517278372972
163.94173045261797,0.8646437189752385
70.8012324168032,0.4920992838776038
63.06672600831397,0.6349376184861886
90.68358084443476,0.7665777985631314
150.3473683212366,0.8917053517517359
135.58501779514637,0.5949814270545093
200.26130853842722,0.89260924588563
72.35537343029064,0.5304919026673387
87.54320395525033,0.7207711824536795
27.67220042921406,0.32070959348785777
157.53589440661926,0.9562094757587983
44.593011233543194,0.24207369812561974
176.89908911542526,0.9189339058391273
330.60896110795727,0.932417412853501
176.4784953747572,0.7964758965531543
99.42899266665175,0.6699405480229542
143.1156348447124,0.8782777374396354
35.98436312602852,0.2296623678598988
84.83917531108271,0.4983523068727216
127.76807261250971,0.8580949348221721
191.795709303054,0.8693539128300252
84.51983642084532,0.6785538076514124
50.30109354331012,0.4381889108696977
90.2942734261153,0.6435529891340075
116.7707754332632,0.7339087901050514
158.75086950638988,0.8546650305385739
75.077197434972,0.5934200895391346
105.39765811602173,0.7373684378720182
83.38380288684978,0.6135345956759413
72.68088214883709,0.648224005121685
167.47161444859682,0.8718398022189053
92.40310336413077,0.5892108101973104
6.933005480350659,0.012435163645323044
125.11104102248645,0.874183041071561
88.32495343187873,0.7630038629929089
105.85697090696604,0.7547649312781113
55.828935925964956,0.20289335687380194
197.64125936264017,0.9349046989097176
213.414934138341,0.789542730200802
58.091532882737106,0.5429101594218788
213.20018927906284,0.9245643759908257
72.73630712620786,0.6121068340364272
95.20557336997612,0.5483088463017862
43.47180314175527,0.19818559700366412
184.4042850249027,0.8238255777826385
114.25841906726254,0.8253866462007868
92.88575087710409,0.6911611506839073
201.5363191717487,0.8929772503213661
147.8273674204654,0.8279863640375924
73.11114116408164,0.396891485517466
148.47154056762884,0.8448470061987458
51.69585475534032,0.18212601770975756
88.54373771391958,0.7485377169286325
87.19443932893957,0.7314406336827579
372.6370515632595,0.9272475781663377
138.01041162247586,0.7571481222739932
115.54316493519059,0.8980118619013362
29.396317618027595,0.11102043141965778
126.36433808132654,0.7086094791895396
212.6363402039378,0.949216622325103
135.99537158847332,0.8710155767235774
102.596013662094,0.616918606505261
94.38545624919716,0.823066148157593
87.4818710553611,0.7590224261488228
53.930692111125616,0.2879051879832186
113.06073528905812,0.6122471429353451
35.519239360845916,0.2501657427983319
193.90561407146544,0.9248258135914567
140.25375792470433,0.7175658334255068
73.62414946584342,0.4694389274086569
71.48318819920551,0.5922420244705647
57.35341984790361,0.5434087494343972
28.608373442960893,0.1466631934011715
83.95243014377803,0.7275170379453686
126.70754428488176,0.7652646356221819
144.59031775291973,0.6451532997842262
279.5816800652686,0.9387607750609936
176.71554713683219,0.8684209788510262
73.12484916887634,0.7876990725724075
253.6893872454586,0.9349870754080086
22.86121610332658,0.2117150357767077
120.83502861399198,0.8554053061909821
60.781768236180625,0.39397650504292525
58.24171978357211,0.6433106055082458
140.5815027424752,0.8101844910046132
85.74152921655629,0.666301713920779
110.2053278251429,0.8040178829891167
122.72307271107748,0.9062001496703606
101.06550945680965,0.7367655718871626
99.56963090118283,0.7009990176164691
226.669274277982,0.9386203026282923
105.78289731883778,0.8229784390120163
133.692459747104,0.859922373870087
194.1862541790894,0.8306845142924314
60.61489881219113,0.4599785231511748
168.22112885373312,0.8623746641153092
82.38828974531951,0.5953377891598658
104.70715084493708,0.7266922797442703
69.62537591537573,0.35523970096460133
66.10061392846175,0.38004688954441457
121.25166037009632,0.8418036035569134
231.55164485784772,0.9451639779449457
18.787260467743227,0.13385567111984586
74.3291992126087,0.5483302678068069
147.18613659164228,0.8128793209624557
199.72838777761893,0.8549162614477703
133.4396274026245,0.8793185077906724
96.50943707896909,0.689077937676277
101.97190828312404,0.522723987625745
53.4016223749549,0.4708880798238432
53.910110566805415,0.4386109775454813
140.85110733387233,0.8512241004531333
55.73625956949456,0.22261707002961195
129.2808770228446,0.8473232041950491
76.16532843231597,0.3434093460972254
78.20097673976474,0.5587815332095315
156.40493467088987,0.9007318955178394
14.337099724605974,0.06636209257697223
197.05743456579847,0.8723517717875211
118.04746291899009,0.7061202434909434
152.22690583435897,0.7575576839065463
44.761239777717265,0.4080348016718218
68.6113690412411,0.45023310022600815
136.2553646248644,0.7293474145081853
187.7100793217102,0.8043766835633845
86.63334790310589,0.4269628732141657
13.58227710390408,0.031164606873010814
102.26522730646494,0.8066477850004053
74.19202970531981,0.5791377940028204
69.41873640004604,0.585342934133715
79.90267497157072,0.6957688648913771
134.44700145714197,0.8885502062467105
95.43195947898094,0.5524279890177145
58.2037492932186,0.24277746495626673
76.04412033321447,0.7336513206982552
112.39907016253132,0.7509612318408456
105.97873378736782,0.7285559766289798
101.618416359801,0.6852598858404827
30.282651593883262,0.14401757053358832
48.805009782921786,0.39437094213578583
45.96041762399423,0.12568637167521868
157.28552073480276,0.8489179091426164
44.31160402269371,0.41878157699358676
204.52188437687903,0.9105682766360604
83.65234187455827,0.5072001212927745
167.92921126291543,0.8407485032814688
34.78359966195025,0.19943803259338455
218.99410145422308,0.8217447129635205
250.81265292356863,0.9634445491183325
174.99944115820614,0.7967310651670052
63.674331507539115,0.34549902402990984
157.792744011442,0.871876107625944
128.3430390251034,0.7740534347376589
33.7824143983383,0.12738453836422203
139.89498258550586,0.8283707781939134
189.57860129265447,0.8316627987753337
69.58263605540813,0.39166300307730584
166.30659953841797,0.6972391859706322
108.05499525713734,0.7520379534804477
51.206711082272754,0.40358357249059096
130.97551376690737,0.8386106702199259
62.14731835757496,0.352760008060359
220.43585377161995,0.9352105337631218
60.678618220745015,0.46755556889084404
156.42493390112142,0.9483765335946421
51.624389770801784,0.5128632273007496
203.65967380099116,0.8313974713499012
137.9178907616357,0.7363498899719361
51.882011401035555,0.3501347583354969
108.03906184045488,0.6597732573638255
89.65873432484855,0.4411603420594513
77.39177383332645,0.5378000402422152
76.64309486578532,0.6567149820275923
122.03027578837319,0.6182114632612252
128.59944513822506,0.832143983747431
15.014903717881936,0.07845293505938444
188.99956764842926,0.9210536322277828
140.540396064276,0.8956221156326407
31.648253002726243,0.32217805730675075
245.80869194948627,0.9393473466918798
238.25139077506918,0.8886521814669475
200.46970428135194,0.9345828645338146
333.2286419908091,0.9509339162963154
140.99212726039906,0.8948079237388893
121.99723369814274,0.8539151346339713
104.51382480029687,0.7959867484888076
73.00937143386264,0.6491263955449644
119.50038045495529,0.5328962334395384
206.44286471619526,0.91838463479422
130.09521204373218,0.8630191251444189
137.63938795670708,0.883588770385207
105.7029730741268,0.8544354680006756
33.681516629357176,0.2274599156405207
221.53508999101382,0.9295088342609217
166.07424632255004,0.8185236635072559
71.38038950427777,0.5673265700543327
54.291973922222674,0.40385366985330706
168.57275858860572,0.9018978687700465
71.42038299754114,0.4175714751093875
126.16279960730014,0.7823793213927192
87.14465268127968,0.5477018470317512
126.12838150003152,0.8275396982868503
96.30035270411004,0.6942923333418385
88.6712004293326,0.4389561436785153
63.96982090975124,0.4416468930099765
105.35484220185218,0.6238347147372222
111.89095476702164,0.589554879763373
89.04247353777254,0.7069162476680887
151.6695572123984,0.9275306571657286
145.2638503540544,0.8074811810290726
61.16707929448691,0.5024911219983613
48.65723044614837,0.6131925011971759
134.75638563093173,0.7642904579434995
59.696227774330026,0.666490638494539
112.28204115429759,0.8735171290769197
28.711612893502476,0.1892834691041133
47.45209543976117,0.3013025159404813
175.90359617593913,0.7953488877034068
180.56555343475316,0.9246770123585014
152.2491818722602,0.8670315489810173
50.964945351424,0.2588923552134764
181.89036611627577,0.8554051713341695
59.73367795629191,0.27154136164952136
116.44682494635691,0.8506843368097247
124.07755171486767,0.6657415813912055
178.7065549688032,0.8443719415768536
140.25151200331845,0.798413352510521
113.32017479053239,0.779762825335557
129.65779079218825,0.8989400829229106
121.99896271715134,0.721471990721013
128.91594448681911,0.9183443673697302
71.17970645176682,0.7322550074583263
179.42942419580197,0.9382469556032716
49.6604556323788,0.28019610746112633
155.23488621061415,0.8750006738924003
112.25665567417235,0.7623933409370094
205.16879099692713,0.8114948864545328
65.07269183240162,0.5460736011903423
44.39657427239986,0.3150708290805949
126.32790458465902,0.7916437551205469
63.691887333320246,0.5759613534289394
103.75656458612632,0.7931212214242257
115.75829995606337,0.7997381251512159
89.45450426073617,0.762830761203877
163.07975299250668,0.9361206595169755
77.77651879058328,0.5897698262556522
211.5000009520795,0.9544858325658
65.03683907053578,0.2764276225694253
159.9812194553528,0.8258515031853323
182.6130028888699,0.8920171312479626
167.41892428558916,0.8959794823288265
122.43826378680166,0.8646432316242798
69.47150084592093,0.5487309643278275
103.22251971495534,0.8015801999288202
223.85726653504045,0.9220932089128075
213.0185998610806,0.9585091340974677
42.98545779898657,0.3503014973565395
76.2850869456068,0.49830679759258234
21.20322604429477,0.10640096909057872
185.0641243529766,0.9381044369807998
109.22444289950072,0.7750069797059941
97.17815272377321,0.6574921321437261
85.36019992629298,0.7772937037996506
63.23573929750386,0.5892012061797736
131.13352716208036,0.8760432103909039
241.02500314017493,0.9063100383513971
199.331373634016,0.9397282806503069
167.74117630925133,0.8932726123412174
28.957239303861016,0.14650548398327534
58.44723892444515,0.44484972836816694
197.88990740201663,0.9352319201591217
146.75335377228953,0.8831299819272677
81.91340738990795,0.7018675158744898
87.63832422091099,0.45063320817601327
25.211057479232394,0.13213975076099715
74.19403466550827,0.41733148301723866
102.12572111549748,0.8248314719242936
122.8133289927482,0.7764845025262819
70.65115574970496,0.4931048357896194
158.98871797651125,0.8920561686292553
74.16868606826834,0.8067260354856338
72.47401359508683,0.5499858528318982
151.31433442954585,0.8738456215429333
182.5999301822968,0.9047107213664497
187.27154299180614,0.9448830457460244
29.477104383090406,0.1950124451730627
40.74130696047835,0.21994709577420501
134.30802977588118,0.835631663842474
142.83441705222106,0.7374350766449506
113.27560405242367,0.6430092100712976
213.07724285690657,0.9377002938513045
203.5400162328381,0.8737574145558189
83.8110556665328,0.6253545817750379
69.7529205127969,0.6170668616090883
62.92204270538224,0.44598705707186426
16.157863279948845,0.03497356362224835
201.0613527454446,0.8233063468101017
180.5460653661208,0.9011926678574007
87.74422913994897,0.5884858574152402
222.71331189613187,0.8382810244990513
61.78261634979654,0.4543484569468804
47.62486283826044,0.5099771118995329
115.80373581113012,0.7086431812711578
47.599516137589184,0.41805051159468765
87.08506439864296,0.5500563487902654
88.16944839939316,0.5660910453398076
114.59456976715788,0.839974137472699
139.6501031994855,0.691574813700558
210.37343407782652,0.9308048823783048
79.35357354157944,0.6236891960958314
86.8033326239771,0.5970337584796057
69.39387075470717,0.5652193473287324
77.77324493995731,0.3715612088663769
105.71108140415534,0.7781174236460763
174.34354272544567,0.8845176262697436
160.28032852647974,0.7824025432974296
141.48236202092536,0.8978493205294426
124.086908993374,0.8076716582971546
285.5411763058787,0.9500397502370452
66.80365836399784,0.7104639483707464
40.23854435003625,0.2579294492694485
55.898998333869834,0.335174707314434
245.15031451717155,0.9608605139475698
188.85388389612515,0.9402785480939534
160.0569290075076,0.8580050697399133
92.0342792143666,0.7944577770235404
253.91536655465646,0.945445168703538
74.30513686971591,0.5946605944121435
113.71741414651459,0.8463010999104886
28.291800466654724,0.1860442252992005
130.51654035115493,0.7971269496447787
281.31313752213174,0.9646237348516942
206.25339680106924,0.9414134458502523
256.5156572858849,0.9202876698422306
115.800537770991,0.6664296482765509
69.57628016763256,0.5057171651712609
119.00558913266974,0.6424807656812666
200.95953710697083,0.8504575019942413
246.18068353110027,0.8929694357762594
29.832183230452706,0.23151248476237707
95.59014633944079,0.6182292923225621
59.024200173111886,0.6536891584438199
213.74296787528365,0.8776803912486648
76.24849705627723,0.5973855364850269
43.9403280133367,0.27270725829772535
11.576597294123367,0.02550299027852332
38.804463656829626,0.22643435422128555
70.28715821780457,0.2887876255321751
86.40964515030618,0.552522927496488
90.12208703507201,0.5271049190017136
31.260056132406746,0.2727150300795642
151.99096142254479,0.8903170455356908
224.2557538723919,0.9241165294437698
96.161748712705,0.7602357140785063
167.66300210658738,0.8943666975907376
28.680732231365933,0.13202075670630709
107.17289488930452,0.8031630182075506
82.87816964567575,0.6313384446988328
256.5300522170382,0.9483812210976521
57.92130923154946,0.47637224056649097
28.731096704887005,0.15146612898010725
11.964727663250992,0.05297961663993056
80.26735075409185,0.5595758273653776
7.623004085906773,0.01646776799159866
147.33768383929234,0.6930228791888674
119.71050290746341,0.8351889532698878
171.1077336479702,0.8856838645076394
139.20060950370015,0.9244736472674779
78.64254666946508,0.7610668688985716
67.88178188508947,0.43676096668766073
67.03525182301176,0.7118445973882217
145.49079374598477,0.8988945293075793
122.05770133051148,0.7778408010055582
61.45590487365601,0.38594256016926176
93.10093296695963,0.6004985145082443
140.97423487383878,0.8909144363910704
34.87165005218611,0.20489111077075106
33.57291544944261,0.13539234511097298
70.81674743508522,0.3953317114256615
103.47001813072247,0.6356841541726743
33.72665020651574,0.21100992521493944
218.37232520905886,0.9092581633101338
69.57154138128404,0.7604697994698587
168.20105203555318,0.7385893159135037
201.6706280758141,0.8629981374215059
162.42493605486575,0.7420119089738991
112.34660362314337,0.7964694558051887
157.73996794606742,0.8423004171706632
28.938516098827318,0.2809881742039888
49.96322586571657,0.3733206890857812
58.174628159155525,0.40077501512707947
106.93895667479039,0.5710298592761374
74.92625133788626,0.4201967832409148
48.49157413093303,0.2863273478420493
106.38008435783938,0.6523989896249046
220.53905119040417,0.9601074890198975
59.10358864299393,0.49882993075455717
195.00842032362658,0.8271920531665176
113.62682593088519,0.7173404993595383
48.38515203356656,0.24198392460927098
161.41033667666497,0.7440931368809854
140.04778257523893,0.8881993687647058
89.77558836578635,0.66185970293846
254.95030060290736,0.8923042584056098
96.39714241197892,0.7419938150932249
102.12799608588459,0.6129972856152179
26.79613276590271,0.15949000491185805
166.32612737666517,0.9043740443345194
162.10260907346395,0.9226014832532663
91.77737846043365,0.7269585815704631
120.61276608635113,0.8006363282211607
106.8727884142122,0.7750439245692982
210.63837914041204,0.8691605507378736
170.79787311925182,0.910007778036391
111.57235420745903,0.7600776035313167
92.93149249701443,0.7778683001720356
51.85255309863521,0.32306093374465494
246.7247641237157,0.9382030078412182
77.34732082936695,0.569821508523901
149.69253245402464,0.9119164427705593
176.8680595344531,0.8794769830204318
51.80068858467686,0.48693444708678424
117.85986288794521,0.8509879037759518
122.3835011499973,0.6449135458134356
167.92924657033672,0.9125683255233008
62.361515198037914,0.4776535815394326
105.3920456448204,0.7835204800941222
99.83782921379746,0.7134649499702947
53.55884273831016,0.5045747254577158
127.70972804374352,0.8162521284279596
173.53548894928068,0.9108073641355992
105.52897753716243,0.7771749276463403
147.49060229174054,0.8588410053282315
157.50578607987688,0.813037797022208
110.71366470289203,0.8689586924723669
125.70287305080966,0.8093437384710642
147.4559771831895,0.8572212960965957
347.1915313070118,0.9437035281169974
89.6896307211479,0.8170802331425696
138.80361192389387,0.7429368637917311
29.716462769467338,0.1486555258325324
132.44324980611967,0.7956654082085315
31.565773466816303,0.3252244540059809
111.80439006293192,0.7087277881907713
259.83832494235133,0.9653731842075229
105.34828826008628,0.7073954180319064
92.9442373466711,0.6431713008191378
58.476991546096876,0.4398250497684788
114.34966540062354,0.7763098597748119
172.86154957574456,0.8755679316623979
81.93069918319904,0.5263964475157283
23.793461171274952,0.15732171052955946
136.0336342137353,0.8769763381524879
26.45745375910003,0.20000782569080244
81.06603451900726,0.6486885489195833
136.15262566738764,0.8234709788222673
188.90831581093687,0.9078484607089867
132.4535002615319,0.8194532997901669
104.19038708128036,0.578857414799685
35.2079720025675,0.35212026785575024
132.30071573431795,0.748051048265244
131.26985791582788,0.8212463005538497
121.76663082004212,0.8788031883105846
92.7639554951881,0.7420520666465078
66.33659595819651,0.4275467810321716
60.50725613392752,0.49498423916821355
175.6747662534461,0.9031717605710401
132.1443717409614,0.8633314392065201
101.7827188009096,0.6211216898026618
184.63119481537953,0.9457016201774703
37.94681274918907,0.25899398670268525
60.15723852016443,0.39074784743355806
80.31521712833329,0.5201783868718459
70.46806218864427,0.6262902528805805
139.37981575593076,0.8558040108003055
139.5420937504908,0.8402693803214732
71.6268306020039,0.3627023890955945
157.011167234779,0.8425314344353404
31.52499841164252,0.2705016096221652
84.89839344016443,0.7764460255046505
51.87149153627756,0.3923929272686749
158.38417113956197,0.8795911125738023
41.09931009315002,0.31655880815134296
74.09319488776853,0.576907521160203
187.35781543871556,0.9058800252475457
155.7601357975497,0.8014813140009315
152.18128461350847,0.8319892765829119
10.821811257306736,0.014383978759302196
92.26886385300097,0.4284450591149378
129.40393826439274,0.5442211642534127
19.981911400907197,0.16160703882556116
157.3542301939461,0.8423812743778009
70.58959774919505,0.5275292000028077
109.74472150028745,0.7695904436900914
78.39212146547958,0.6558176843543071
59.62508587312019,0.4933922877200574
64.49642430224804,0.43673247041288943
259.41966905453046,0.8598632861916439
156.00616544469796,0.8421147606263073
46.7565690562542,0.3648953005659079
242.4962642984604,0.9257607448451344
149.82056643054565,0.9067011824941356
91.44729118432961,0.8262119686555294
61.35048212499712,0.5888549151478715
169.8369928940594,0.8243576484551667
192.1193591680619,0.9595903095733763
91.48267781406402,0.602308849386964
76.6699776296313,0.7517404398694661
175.88482454496244,0.8429252939327816
51.32795226590628,0.37981445238455436
110.91122446438808,0.7388508917871544
55.310033799207844,0.502348352951276
294.70275309072446,0.922989809004706
101.14268578787961,0.689068202168414
18.448949060962565,0.06634466685877305
88.300239170259,0.7761051271925541
86.3452866597696,0.8436057663925188
117.46129733866205,0.6353018695806026
145.65037569394778,0.7648539126000198
49.1478728403691,0.27085016570391796
317.04329623355443,0.9493327586666277
23.435302169584947,0.08217195545106715
123.89321391799048,0.6806796477994166
124.30103788708116,0.8216858453335497
0.16435735059195622,5.436035056538557e-06
111.50667218179588,0.8490699463686109
150.88053347073733,0.8143306099695963
92.5786773686483,0.6226045080390082
91.49282843377085,0.7155852061676136
42.19035098967328,0.204175170829216
64.09418785012964,0.4191576092444419
33.643252128121816,0.24391144959177236
39.984440732218935,0.13587766139779522
39.28753339234618,0.3919963058498722
108.11907727091666,0.751224450762133
121.10039449954716,0.8129785754249884
84.53105546668314,0.3328949098765298
32.80610128265806,0.09615396481403282
258.93024375554137,0.9647705808145116
83.70226142336624,0.7106808487761707
117.31537117039689,0.7613839076256573
137.35968060300567,0.6752645568413507
135.89431678860666,0.5706891585897604
89.12716000154745,0.6851838484137402
196.06897808218184,0.9458714525081863
53.99331309466466,0.5231061696217807
31.546446489150625,0.19425930303765526
35.87134900687757,0.15108030497583336
67.86613216827787,0.589325038365187
98.93535504274087,0.721180773090087
95.26136297531886,0.43961837935202486
168.71361801392925,0.8728690455923712
24.73558278808049,0.05970361994075535
121.8758577901308,0.7400689080555216
118.5811117456135,0.7790550381437974
56.44546061141011,0.5117148067204288
124.82334569287634,0.8794119900993136
122.5582118140703,0.7833815863977514
38.06456733114503,0.23077524026052665
185.61297765602257,0.9128195778910323
40.55499543232449,0.3054173220191726
123.10281638422045,0.785994202058226
103.08890791728143,0.7586836122151513
36.13367023935944,0.33579531766402737
79.94531702097639,0.6865485447354915
52.146573286965896,0.40434760709007345
216.40747791905645,0.8108269920079527
69.83881927140015,0.5875538748509057
248.71981671401932,0.9144025245995874
238.13284416956557,0.9311544458409758
67.1021985148124,0.6026598619522925
97.322990530097,0.7178474536431144
79.39190104414872,0.5311357487794843
144.79911910031325,0.8750967907955018
123.97038332040853,0.8622107974061242
84.51315436374318,0.715441501923677
114.01395517667147,0.6909497085199869
115.66833954469377,0.7135308831128027
50.022314587090015,0.4751471099403133
104.08153193472745,0.7240118705462464
122.69530979985522,0.8298926182414913
220.85607986165715,0.9627497050027525
184.5586516201054,0.9185342777263441
231.0536436983399,0.9729698713968423
27.56671779375888,0.08623025142018037
81.24143608564123,0.7282110709345497
150.19954591077737,0.9247150936857242
239.14203253123566,0.8568313183959688
29.397357517406768,0.1605539609555081
73.25707288569338,0.5809552266874989
91.2204670600425,0.6625293228101945
36.69804171612062,0.20000869313211878
56.71545994460259,0.4082828352627119
91.4836846120811,0.7215119874384446
210.18141252073318,0.9037155358577134
49.01092630575958,0.15016785233260588
58.36167819479378,0.5315521704244726
43.0730497678133,0.2835255014439102
72.05871515390118,0.5109408929078129
178.28056206661523,0.8609806054988666
55.58890417213947,0.44223778636704436
14.243113246707503,0.12074344775319812
97.63009434501521,0.6885875816356468
82.43011382817075,0.6383135121132194
117.68019208826105,0.8463308994777871
31.44326840374713,0.18817006400338576
134.27301002715086,0.7101672510040502
128.56510769847574,0.7966961792865421
71.8294991595209,0.47941652989205585
99.62088473884305,0.6085790393605464
123.50069854414868,0.8577177517333174
105.68237273834761,0.8130367810337777
27.75708267361317,0.20595420031915102
126.60777941759207,0.815404826840125
122.46759022987733,0.8791833917317675
171.5463247339827,0.9216821793351202
66.41431181176246,0.5956927171730271
149.35421389477582,0.9199246563748625
61.38289202228969,0.4728009578804675
112.69791831898213,0.6360980929302675
105.97855142034189,0.7011159265405209
68.9811951539026,0.4718149468702232
37.632530513822694,0.1771116755954688
46.683468625555406,0.48778823844824937
111.64135711324793,0.791586767135046
48.44868369916872,0.15170227047170237
200.71521384082607,0.91815777324388
39.34182630173117,0.3960917955372669
221.38192153469222,0.902342238268641
163.97961651247613,0.9507613492202418
98.43503441572469,0.7560694644255449
101.57056002342443,0.655498568543528
202.10699919484358,0.9166324665983159
327.7350505845064,0.9379730241869347
131.4976259507384,0.8528793744513512
105.43414187922025,0.9158294894919508
204.99631601028221,0.8719987200261881
117.43989942071924,0.6555519468294837
73.29989956722918,0.8105672789405525
83.7575642963397,0.6320236166228119
190.9070867035943,0.7631172129760777
211.72153629823836,0.9610131595859984
112.94566293040332,0.7855754052784522
203.00976709915935,0.9049154253480184
153.28411319159363,0.901003491227027
100.48798977807812,0.7456831111063711
98.93189262957478,0.6540387326673602
149.44025582760798,0.8670053795762214
66.67231653561221,0.6678709134294453
70.3238571907611,0.34828229833985713
99.2555109040285,0.5573093312198452
254.77404047713023,0.94075942046072
157.39661331885526,0.9106587469615417
129.65463518586546,0.8431494290824523
120.49049664975463,0.805595673256467
107.33719588139348,0.8046872795821629
53.5939235581205,0.3560212762462023
71.66334591783526,0.5230110543633861
107.39511316722712,0.8341717589125279
103.89092120312398,0.48754544322927484
234.59636610512712,0.9145099226989336
105.37427015037822,0.7194702386152798
213.17127408788267,0.9056786452951787
180.43390228711058,0.9062813905458385
202.11092381445755,0.9429301244921994
49.837282738950805,0.5456670154707641
167.11388912114268,0.9044883810376612
130.83990916915988,0.7830840818146503
47.431235749306985,0.3478845499091865
213.4836871178427,0.9106695436486235
70.7372500730028,0.7276602787693338
22.632611435457907,0.1838689202397058
144.39703582917247,0.7578277788380339
202.12591951193562,0.8820884785733096
182.22906850440546,0.8880611874162558
248.33444729490444,0.9221980203655646
124.06149590286795,0.8158389188330006
3.40216876688649,0.0015997858697147649
251.5441359061803,0.9369254022183755
269.1787597308383,0.9046015664294303
100.32264828200982,0.7404168239438138
186.49984472280164,0.8955048725980161
99.36606245755797,0.7356905340735902
143.3037906875602,0.9004331760965384
208.39677395661494,0.8721451228831314
134.57849705920114,0.9030617693397138
87.58925493138291,0.6693675472174861
152.0204185522887,0.7919593852886518
129.4520967024905,0.7998806036726502
55.330242259433355,0.2684035394577575
53.06644645457944,0.31221639337672935
293.3424473571404,0.9366860085297488
164.95835611262595,0.9096671112603121
144.91645538940122,0.6544151094341785
186.93982732852535,0.8651068721642461
100.57500457114278,0.7853463469360492
293.7259738440246,0.9356024043433887
73.28264285031148,0.47966373065399637
132.11215681128036,0.8903732774872859
49.33958480692068,0.3771355184066566
109.67657089200772,0.8661692673830008
171.699464105586,0.9357388565388407
297.8980037879012,0.9474631965322398
101.93029939454175,0.6188434200269348
120.16124730431359,0.8149376589140828
76.62281870132216,0.5907591276830801
142.84766133251688,0.7885169086573998
124.44132201904873,0.6882868838659586
127.851968852796,0.8459133818493205
94.57716484992592,0.6637777398996323
144.6864095471901,0.8262194607736181
78.92857961680748,0.6039266656163531
122.87624534750915,0.7609229258302007
127.40920122118227,0.6569260883658266
145.42752927978037,0.7873811498435678
39.03410214532172,0.1485293468448442
52.085645443751886,0.4104118025468677
111.27431125675662,0.7086229930925294
54.96534778414586,0.4559507884921895
31.39900510599334,0.20299547435783238
92.11990143010233,0.5289776362340562
249.3711173761435,0.8179634841616713
102.70731175669728,0.532113081645768
105.93592354478662,0.8623339277740779
76.47999780552855,0.622259431708857
104.30369290128053,0.7860802180319346
98.00335973663029,0.800905288555948
37.52581083686939,0.13616891959732647
85.56341475446477,0.5651652130429439
142.62630969197048,0.7882036356770894
76.45955541658765,0.7062057004603788
153.6790380957332,0.8089930370707596
44.98876634548941,0.3602223711325139
53.87112002377783,0.33063719694294635
124.95313891516244,0.9150245024996673
187.14779589146931,0.9253022623196865
81.2196499186434,0.4644689599073799
88.76588373067005,0.8059234706812823
39.47900106952377,0.27968486875335374
64.97761198030392,0.41947197730169583
114.79971959031747,0.807598822063349
95.03533537767734,0.5294243398555698
144.7211898261982,0.6731029688414605
247.63522137888174,0.8676442378826952
81.40482981405849,0.638056552440671
63.664302939961345,0.6525222990035584
42.07804307490769,0.21382334900827638
157.2949768067366,0.9069565112661566
82.88314698417997,0.5874026086048998
104.78455483907854,0.6641369180471368
54.58151463037769,0.5011017943548228
81.60711684861164,0.5844671179995848
100.97778025174499,0.6660307911637326
206.85278411710718,0.9229706378176284
33.11713933753249,0.10337040284795551
87.50013592159321,0.6832872430278565
148.18508327310042,0.7724525674496655
154.09820593253735,0.8543325035979211
34.04231002749002,0.3237884883120806
112.35039825223588,0.801602229193392
116.60587742551327,0.8507354372238665
150.56821471991162,0.8806361863101171
90.51308277201899,0.6769696989250977
92.08300896263931,0.7196397246699127
149.46667431371083,0.7650248171843391
114.16252150533882,0.6920463074709737
114.63483229422987,0.8082518800057352
24.819525687143038,0.1281443313131203
121.98121994841205,0.6322766798032939
166.80779087182103,0.9122754608278503
187.91582447090468,0.8575661511347442
191.91411455611927,0.9461074168687058
48.62129874042634,0.34740089595104373
66.9793624546147,0.4849759552334618
42.99243039355517,0.4848722898124599
171.1510169512315,0.71698392629579
106.07474628181541,0.6400955211510437
211.89020651384652,0.9290315599523696
102.81831181499744,0.7769097275448497
137.23275187801673,0.629856747607799
105.35293468384695,0.7680596880426362
91.21057750246146,0.6467061660051904
46.845599959585975,0.3130824654449794
258.86777004960044,0.9585341673570055
78.4281369152261,0.6662748890919904
157.71904842658964,0.7525516368806935
193.05858307151814,0.9230850409612288
52.20409377346366,0.18950399952238206
124.34940442779106,0.5978850226234282
96.28431126169156,0.7508393131883128
96.73553684115116,0.7825645520628923
77.32248294156203,0.6450023390907533
73.90109245012273,0.59486635652137
25.001395253464025,0.08174190162322836
197.7738908796136,0.8507822554513929
136.25792605807143,0.881231596093765
132.03984102993607,0.7732841064899557
85.80007826506824,0.6839190880619128
70.94136650596525,0.5620719972324772
85.83582365709674,0.5604890544729157
55.877698297952115,0.5330575620290502
9.86533798344211,0.04046760030775609
77.98730316755804,0.4277973924451528
23.256700923941413,0.09379964647016836
59.93151272904711,0.5458716176361678
87.67487322693718,0.7187367172052721
165.14503121000905,0.8643154629963401
107.6370384418962,0.7127711343119041
55.268933699951816,0.36328618180268635
132.34832111066643,0.6497712222151324
159.31419075798712,0.8299775836311254
98.10052792924338,0.6412425020303651
106.39368736034123,0.7493140917964266
62.63358372398988,0.508952826855775
189.84034790951986,0.9387997454983457
130.7838963453613,0.7874331880299901
80.23229491456622,0.5790855104925078
96.56403522726204,0.8314687006340281
246.26698450893477,0.9614845714783589
236.79092509323843,0.9442349230546604
118.54653629874782,0.8567974548164838
122.88640681531751,0.803956323412706
117.17257477517681,0.7846272390071224
137.49063653299322,0.7651014106666644
100.00128119792899,0.5114484321677591
267.27185461893947,0.9405939644522501
155.53903552260013,0.891586124962916
61.199358987214445,0.5191242965636986
169.0053112621236,0.8863285248189893
176.9891194883974,0.9038584595125596
202.67172249967984,0.8553703555242455
107.46138076433688,0.7692297127547738
45.43769412569437,0.36004161774260635
91.50610064358987,0.7003556035180637
96.76072872557943,0.7186401222845644
80.71896012921441,0.6301348593755385
138.37767858994215,0.7907135990390203
82.69523418696794,0.7385515676797327
131.87062672150282,0.8756841047429726
74.91960328878284,0.37591214156601893
63.98680846740837,0.505661510907399
118.90281028941963,0.7451749162838419
115.13634418483456,0.8695431785871468
62.00805311691844,0.3161693393658026
164.85165156369564,0.8800146210486834
155.06615170245985,0.9201710267170227
184.7270604375347,0.934684925348408
35.31332580571617,0.13833127067929296
218.4371693508953,0.8285877539036088
56.678636009616575,0.6130885857698811
72.18742253256987,0.5390599593482449
141.41944593549456,0.8677964714959318
148.89534793909505,0.9197243408628581
62.736753068628325,0.4939134592858785
94.37607291569876,0.603379519595378
155.13509156051177,0.881028253396056
108.5420913876856,0.5769878230089915
75.91235017437468,0.804013846496461
215.66151483231994,0.802315787872975
161.5346613555946,0.8102502664322673
196.64048241203034,0.8914208603967299
274.4381506083595,0.9214973355364325
141.59842151527477,0.9104893457753254
63.03300560586955,0.2516777055392484
32.2292890556925,0.2018025052591862
145.4254361186593,0.8317184864397447
303.8926943847967,0.9088134044355239
69.97542091057586,0.5473468656388576
79.96762927737107,0.6364377257998262
111.31505703373618,0.6225448781952708
117.4547966149974,0.46642809470015
201.85128560686076,0.9223467879694667
66.99943112371568,0.48356589139951023
153.7035553227991,0.7738016543087303
106.77111799217457,0.7482046637578265
101.47458528128658,0.5848082587581975
49.151538923162356,0.2749336193887222
63.259412234864584,0.32625682731536043
144.88540381916317,0.8917098321742195
43.72742119340082,0.15716059929637727
89.08527901165877,0.802976858538867
216.26238489734544,0.8005959026174937
81.43857646704912,0.6030496297436616
65.43070821908778,0.4983493493743063
115.98731905651196,0.8261632421220468
39.78906380683436,0.24825469313938542
56.192530007367886,0.3045828943039157
40.16842407154991,0.3164183117800877
152.89049649867607,0.8808916562411268
113.26776338732121,0.5651564966543449
151.75402746844134,0.6592589783085185
152.6807150041233,0.7861443934386634
106.9525565163091,0.5494926341930355
88.9906535950989,0.783513056501413
227.31334559694287,0.9525523411085205
114.19791875543524,0.7731969681992623
47.18023489726641,0.524181779166444
34.28609125609526,0.18102250051258018
376.57378020499243,0.9534401613365854
109.60383647896299,0.5912917801592341
169.88470516931122,0.9274652077457828
91.41210220604322,0.6794054954387796
90.0997231871562,0.7872060121909807
103.72763830835694,0.6998599579158823
52.48796917052409,0.45359447238778305
246.20312839989737,0.8653325018906299
91.59348053261611,0.7376099645314524
80.20953912731653,0.6919542299099206
127.58207186489331,0.7983845679437558
194.19986878397688,0.901827114119733
135.487920674434,0.889561651091632
104.4503021655018,0.5781001699045627
99.40616369029448,0.5619623737367906
79.51257088703302,0.6405775141446493
252.5742498693504,0.9012552199427969
27.892548519006812,0.18176596520775312
92.78609344247987,0.6925116293491698
125.98240089220114,0.8564290797101384
114.42964516725876,0.7394851312884996
194.45843224087437,0.8001852711047256
100.9525022125804,0.7267957520614177
45.86531815483151,0.3771124581996165
69.65991283459503,0.6836439875391803
61.3945939111013,0.3795363293425311
173.8309641866858,0.9125144840247856
81.0783870329677,0.7934713177625875
162.27273353231354,0.7301270198907993
114.46228360293273,0.8575592934832941
61.22084044358292,0.2595989198872204
107.37663329822821,0.7595119386456493
101.76598930877533,0.6876451814578288
164.1186560173077,0.7908436511299766
91.66010653548251,0.7743203949752273
22.685646442915264,0.11266073223801243
115.04818635175815,0.7716136590124638
179.65744757629375,0.8095354803038173
104.46193232385636,0.6156395131086009
161.8887743461571,0.7908461950498462
218.56497970598116,0.9694193574912466
79.71967016697248,0.5685555365985755
82.60908002541137,0.7513319776013504
170.27114166685948,0.9367947420233241
68.21658330009525,0.3396826216237314
138.8658133978529,0.7319972291414303
223.10726531794512,0.895525280305543
109.23667914208583,0.7544531448349087
190.58118387640297,0.8194213518323196
79.80734081945474,0.5861658468107832
21.388655372437633,0.09409186214469578
81.4053387941753,0.5987706630813686
141.38702281471762,0.7422969592839346
155.38585756223605,0.8221683107894896
71.98644793051656,0.45759019096146736
76.57572879856693,0.6741648976180077
122.96766072066659,0.7710727490789435
263.8040840658054,0.9463243909727898
88.105136672223,0.7392121266844378
99.57136085429774,0.7096978752696139
198.2030364176251,0.9372582876238544
31.5389442476106,0.15047624634386836
26.03801733611993,0.16684728887792333
46.42200389579935,0.3166918626370818
103.44256067113952,0.7180146257794815
127.85571322393773,0.811097697383834
116.4748388117094,0.8970075863245761
86.67810258295309,0.47269640262622725
135.4489424813546,0.8300275621087394
165.65870268123575,0.7953109699170915
108.56286530466743,0.869529663921778
93.15258911987016,0.5482597906854747
309.6533611821392,0.9386281239060793
179.16197839373376,0.94259589824499
49.5079798347601,0.2314192131181395
47.20387582064535,0.5339785948595073
52.79051269025257,0.19439788908725675
120.08220890155499,0.8234869613148987
135.4341575246822,0.7299039150470106
180.88685707249925,0.8354927239121299
106.74308065215197,0.8023310454955828
69.30193724542563,0.5960842605354852
167.95828242575524,0.8970775723280032
91.29524416838188,0.6148885042376218
172.71329758504933,0.8269400068015148
161.87265238019913,0.7314346540182506
229.6168087472727,0.9434945432684912
110.22416182418816,0.7389798922318158
86.45777400672743,0.7790295911204788
142.81508801117525,0.7791152588090384
33.076110185261314,0.45042373753408205
51.904457806438586,0.3989341316902444
72.47363275900837,0.4105686156607965
16.781577974336138,0.059368045603404584
213.55142091842714,0.947862143378208
51.62048254468533,0.3686874430938074
27.408561205763103,0.06441078578661807
158.48274807512172,0.7712684159068247
96.56938303781264,0.8284518595944016
63.49967230815394,0.4253768480971186
59.32984317259942,0.44967788570350864
61.10795583467882,0.6045245891875457
124.72869153389871,0.9242040631868783
237.292098411937,0.9381893856623927
97.88242482647482,0.6348833452780189
134.13383748825987,0.6485484370113657
82.53394372947939,0.6375935427279723
206.98106636227806,0.7278062147041617
41.03072950768114,0.43522842037358
18.749531140413346,0.14245956725218534
94.74039234284898,0.8573178831094271
48.958767096090114,0.3884450514815735
196.14707710233745,0.8887325610261038
62.012881207505615,0.4481112154527247
167.89024150064597,0.9174757808830245
84.73846552846837,0.5507552053530704
238.59629251866457,0.9696215048286224
74.41898336720448,0.47433648973995834
172.87583358561866,0.8892657082612903
129.8613709103946,0.8409510946636914
130.67074814932297,0.48146422097279884
110.89125914640037,0.7253367720987096
146.1114655606719,0.9162476229795604
214.80149224406242,0.7477158772257805
154.4008392070877,0.7358748272069213
25.435793689481066,0.0865184099758256
75.16756453722678,0.40892931120202336
83.1355506927112,0.45123385278385075
109.75702121947847,0.74213984892957
60.8630720704296,0.3766782034248535
82.03185929980236,0.6622618787560147
234.21648302104012,0.9502889216096957
47.305627158237655,0.44946533110412357
20.432986104211103,0.09862937012840411
120.59008420643168,0.8215299532858659
198.28231886542736,0.8803298494638091
101.14918639451588,0.4184874268515595
191.8900293554936,0.9504604201133026
127.14703613819908,0.9139320021725545
141.34101032516025,0.815536431567862
85.99228177497736,0.5252954234902663
146.92733929467502,0.9144615966864851
126.81351686315408,0.6392515472688769
205.7315292756027,0.9333059702885133
105.48396097772914,0.7343536131669843
83.34167276060207,0.4885769624638874
156.06304726579143,0.8953566164882999
99.40856191259789,0.5699027053511299
56.05485512083265,0.3028937798208815
177.415719696687,0.8669170013641104
295.31982083865813,0.962454241109424
49.075724559593354,0.338406160223813
18.50306743529968,0.09595461497916324
166.82538835722752,0.8639891302751678
90.80678500801808,0.6583705484444603
140.89699270449518,0.6248886607693628
65.08837545446406,0.5358982357414024
30.151388087870505,0.1805863100555567
128.90752442982276,0.8412806641879147
103.73301132546847,0.7022378685810511
178.70197148060873,0.9259970082825768
108.44498523811188,0.8161520913454563
73.85137345982284,0.6745710907734555
144.46984173031342,0.8581105325952367
98.42916580533368,0.8227617958840947
67.08134424322445,0.355944991625328
157.61393991222116,0.8487077847478854
167.65254506363922,0.7939901335907251
157.34577318568674,0.7520255672257844
229.96807088025443,0.9678669086794999
90.89384198698014,0.5064766243441869
258.04249767940775,0.946008756137861
127.16266373886498,0.8246971805541675
113.7465286721547,0.676535006355445
104.2458540257643,0.5550904738738246
84.5733114100865,0.8350642831468376
27.293329814990884,0.19163733822558437
122.27413183221896,0.6868597421027408
51.24857536693225,0.4844381222038361
51.463297931725,0.5546065167723195
136.11195641745033,0.7918611682105304
26.521781233364337,0.19953708663735925
20.66566787148148,0.148608468788896
251.96642566946971,0.9121511534476263
15.861480258506939,0.051039337381742045
202.54106449588758,0.9066772882213799
129.75916258543077,0.8021940956684707
7.745275728936329,0.0068357249515650365
138.1119582459526,0.7990484215747646
88.45308524416235,0.4524343519495603
79.69201551597943,0.6137350445272114
48.21385402393435,0.19783524268938357
78.26793145497855,0.4883970425141143
36.81835779556354,0.21322878038043858
113.34748140108752,0.833200314007814
89.53441802761665,0.7090274955214242
288.43900764065404,0.9566560853590176
137.46285285248396,0.8000447933551722
223.77217872221908,0.9515330451689415
177.69236097633512,0.9490169931072586
12.692666207477021,0.031781914876331085
155.06544167319467,0.8449728683540562
126.1810492589758,0.8930793877593445
213.93101871109852,0.9152542356892471
195.96105718979825,0.8996227075275566
55.72111083055083,0.3663748673449434
151.98583307022392,0.845313240875131
143.10826722796784,0.6304110004222949
131.6791901660818,0.8376372631885569
190.48438372206266,0.9371670783062898
101.34228354070898,0.8165044637119797
213.49589761564172,0.916778752515193
134.1345336164497,0.7260293174697904
146.58400267784882,0.8825118889853001
57.59987342749403,0.2864666142167427
57.05929010914967,0.3092963399439769
35.9520703497501,0.28956526964933704
72.84168923318181,0.43892175364210595
79.46058109079873,0.44914007603426465
49.31535130059737,0.5289313844759396
359.37276398586954,0.9634320583692147
246.26379459407562,0.9265660469256555
47.19820289638871,0.5327989933273359
113.7788408067179,0.7636090872899837
84.51341180826358,0.7418014953415863
135.0634106204965,0.8326452229754897
78.19572764851821,0.6163269967298645
27.71050409865453,0.12872247300891038
151.73650611894183,0.8282816909911098
71.81366837179678,0.7045404091371247
36.49232469278655,0.2085497827073547
148.16668583613608,0.8923078369789511
63.9958913487938,0.45828340325252326
121.20716591903347,0.7028970959890561
81.89396773235968,0.7459676289901908
204.43838242819882,0.8193690161066919
70.55795138625031,0.6385607703319562
47.763171546851346,0.1656679848105853
73.64689550306066,0.694412459935867
88.56556925059236,0.8213765754648068
57.023543943237584,0.2957078513536451
35.256359610788856,0.30555311696477916
219.95426920575323,0.9364087629844644
136.0731263045278,0.9002106866979622
236.5297394678976,0.9284298616119405
169.3253494713711,0.9259858286522223
48.7917465764956,0.5645660327296376
185.71572814438963,0.9072552494487288
134.99261450261542,0.7588668776538597
130.99389637368083,0.7916223067886881
138.31642501649748,0.799477871099456
55.868183210561476,0.13299876121992793
169.71638014314527,0.7635241588420608
121.67036438979586,0.7889416095860001
83.17565875553022,0.4458176764452324
136.16778842055442,0.8056302895186664
184.8905502730314,0.8016681783643426
18.172898199171716,0.08887734874504527
49.56336890823936,0.28213617173194316
196.69599787765057,0.8799605828856295
31.195675659627337,0.2661778352150741
336.57481474034677,0.9299231840743235
76.2011430310337,0.5803992829538918
39.65577707762437,0.36145652209578794
95.0964074860765,0.5138020615833638
193.03617480648074,0.9213759004860076
67.78437887318083,0.5707586770898498
160.3448505397533,0.7801784215052725
73.84161808123308,0.5870964823922971
76.75064994861405,0.6504091535345436
265.48611934861157,0.9038731075354602
66.11265873330503,0.533270888649279
155.96151810576444,0.7383364267582058
203.06627460264644,0.8461033528209352
70.05459090764374,0.670616901002882
208.22071132749042,0.9462104356417518
74.14750482741061,0.5158537954855866
13.466285402853872,0.0372039999168442
112.26795529560023,0.868905240346637
283.3440043157189,0.9180261953347059
83.38259242846888,0.6625497696453645
133.07490437830197,0.8147965649197952
64.06636985959808,0.7032078929507636
59.70987358679347,0.46316416411618044
258.8964391710443,0.9229240920323498
109.5039325205145,0.7450039103782334
67.14746477280961,0.5395451486429077
157.75688069777135,0.8533394698074435
154.08537625960403,0.886171278407544
95.89884578798792,0.5440733636882344
139.9162091373441,0.907154336963513
120.81166921423758,0.8740774231590073
123.43572587241917,0.696321111096454
127.79230869835273,0.8612818173506759
159.71052000495388,0.8802419965888642
165.100676210386,0.795144956185714
186.2774022688023,0.951496786363345
70.56711871165481,0.4214733749311165
206.9537634947564,0.8402517516619731
267.2735989340357,0.9690873436266564
99.10509151152966,0.7623152201449014
106.8198835980613,0.79754194502773
152.66841669706656,0.8253873918611223
124.70326046146573,0.5150565865195001
183.35399195038462,0.8893675062886159
28.70609675965134,0.07064518230463868
125.19901205720205,0.8754768415632447
64.8346187949099,0.6060372731268373
118.40454389558937,0.7009133401265928
51.234049639478656,0.5524579383942997
127.08730957259776,0.7013379195149134
129.88120502652708,0.8435616847981721
203.13759528675374,0.9287285794812381
154.19133037771618,0.8839144785328366
82.11813548834216,0.6034399372800996
85.22245591123676,0.6844114335427178
11.188460183232376,0.03399160901416254
42.18523884849148,0.2166570693611961
65.62711880018826,0.3693636470063606
77.75366615051584,0.5143007369754441
29.528382661991138,0.08520827633951489
29.615262799581533,0.09720310781541819
102.45949311168494,0.4355419133098858
66.66236376640454,0.4714049121156022
98.41979462696702,0.6654258527392325
101.23375316852,0.6944844993071835
57.752152040092,0.5368163946276019
92.59722445769289,0.7484565834576468
50.347826989365174,0.4091060425078743
129.93137416349956,0.8770717846642224
82.45463640588532,0.455042976769655
141.7377918160827,0.7235698214652444
73.23774106573671,0.4773392693999362
21.182599848827405,0.09831370396134564
80.3769099431176,0.4411405140257322
146.9040901565474,0.7791223784844108
91.78786216209112,0.614577780204109
196.5341032381236,0.8214369092357501
117.58597843819497,0.795903634165738
285.75180919929755,0.9458626055856029
115.96559958859704,0.7444847306636715
113.63152728791032,0.7920274255273345
129.50437965480637,0.7687736612946588
89.24220765305384,0.8463855315411131
23.198790601177247,0.17607920703529956
79.10661604375845,0.5130794672438685
111.689033759543,0.7899154794217814
60.26187694812147,0.5664671881020407
129.7967179780115,0.7123151289673764
85.18562151196907,0.62458513015809
72.96487072794923,0.6371855446034846
121.59228426969106,0.6026384662165829
44.46656607937949,0.4700164512090128
62.759992823751176,0.4868963485757978
164.94527291175146,0.901925134200675
293.2866930840375,0.9595782071069157
37.05101164650771,0.23237919729157908
30.784815736641953,0.12546900076632983
114.66284521343763,0.8140674835804794
228.4324232550887,0.9510726915731028
131.59958672515296,0.8629139010645404
152.36840749567003,0.6654858863130327
53.504627216010284,0.49957621134367514
27.82742431058527,0.1995216048125683
107.7390578632299,0.717751670834473
47.43586020697865,0.4771903344245709
112.82955599205859,0.6601414538176303
207.47806707653854,0.9127261994489604
160.1846444160063,0.8213619304465323
6.389546505276534,0.006561859223270128
88.63126617758327,0.5938466615133333
65.49667701684679,0.41666431364575984
235.86058942731916,0.9152471985101821
76.66060602194543,0.7190449934542545
143.12950724899258,0.7229285113016586
79.16382863420267,0.6696319628858098
15.760293760446363,0.0580673362502403
35.62145926127159,0.28189174563841113
71.34305339357854,0.4056788712603967
126.75299925345868,0.9235809514095934
178.79556811078945,0.9323812457164118
169.04623877005912,0.7873297867547973
54.91464005605273,0.32802135608587923
63.79331714180537,0.4628171251214014
24.911295988284994,0.26528587044616847
152.78030032196932,0.7155078004941058
93.22741971945817,0.7609689884024979
225.3265385658794,0.9410087687470026
148.76555056218885,0.8851772371383689
165.74298851589063,0.8200693086514554
116.94068196632568,0.8040673900136227
176.21002415578818,0.8049433560550897
230.23280794361867,0.9449752961960646
148.1614010115303,0.8214329657153336
155.3299411231612,0.912324454547312
73.54122251418974,0.5077613035997367
200.83642530466554,0.9519870884505091
105.6523613514025,0.7378682021890768
156.50838284112817,0.7374496566011405
122.30151051203875,0.7841362433244372
88.05300553339461,0.6470258401796616
163.7695724116345,0.6282903629565431
37.49230252980467,0.33421715715988376
63.496278891588645,0.6328350466578605
193.76954509183383,0.9206895850500975
51.914530917443884,0.4313268740503987
153.73001616091832,0.7976934110151918
92.53784181231151,0.7497367731016992
112.91755796289297,0.6867794301328523
144.59285812239628,0.8180153451688763
197.63735476595187,0.8922925084450968
89.0080560503372,0.7330235847384876
127.87102384817975,0.8300806715206754
172.32273246423247,0.8272792425622695
112.20296923922417,0.8721594476568081
53.22188656796351,0.3454438675736503
99.88719531405135,0.8408576750056003
52.558732647681495,0.5750895579799766
161.3147075805213,0.9618362438943823
65.56677670731054,0.47577957126158377
115.90640798733241,0.8713259497321133
81.47746223783497,0.6900144886561602
127.35865261007936,0.8698850656778194
60.68853115670507,0.6934082818135203
113.4066954089462,0.834114832161025
214.56879221273275,0.9059976503810652
120.97191174200432,0.8524646798542598
114.69988486289155,0.786252309276519
37.476835939297295,0.15528310496670616
109.72284915539159,0.8653521117898904
91.41296382841878,0.6827194181105789
135.9140921748725,0.8757328088881559
59.45901839899295,0.42874350227300384
61.525206789596616,0.30733982363017265
140.48314598724912,0.8608258973562428
166.00879475600803,0.8898875213465642
93.88473636564007,0.6816498791498751
60.619991168397114,0.2345950226660859
43.86314396702431,0.2957267046922921
157.50027688319008,0.8536706698070181
118.6744221575263,0.7521825862598721
121.56997659820223,0.8382644541630762
13.363122902790424,0.03715062228549115
82.53646285021526,0.6990674665254174
19.817251856220416,0.09187280954697774
103.20860642625699,0.7883197217875036
148.46259567837927,0.8891672269539216
207.5861470253844,0.8425724442911217
181.11222927225992,0.8352022220222992
135.7003282541647,0.8743084134325179
68.54455454489758,0.7143184937898899
147.52601304817634,0.8657348184104375
221.550506419029,0.8941848493289841
135.4631603886569,0.7896965223708675
89.72280726207921,0.6923130327192578
57.57321427370501,0.6245043867409197
101.91187658018302,0.7391061310693632
134.67449076228345,0.6529648929342033
161.35139332118163,0.9247576765792684
106.99218361355452,0.581951261707188
108.53877979517266,0.7349924670818154
108.21013101421478,0.7802520821636277
151.4919039803083,0.6644048760432233
165.5010798354482,0.9024563189166244
205.32084407622898,0.836857583375233
154.65602931570237,0.8455207739973631
113.31754077597354,0.6857309932713559
127.50201903617892,0.8819721322485969
46.2052681772097,0.3528033022382009
117.85450586156729,0.7258294077614378
85.44346042932519,0.5857307002582334
66.50220302566508,0.407980376917208
105.88493450653387,0.8599676333025994
209.874944736403,0.9469992923487796
141.44492403344793,0.7216403942004284
146.35715253817034,0.897883142177805
245.2025243102721,0.9719522867514678
187.10022984449907,0.9512350439749804
145.53584528615326,0.8705936956423155
139.49654371029902,0.7469475001632713
43.157054783957605,0.26839831683241
54.321747187176896,0.3034355299292649
204.95378131083297,0.9257878391321046
23.31949220623236,0.13780615459026646
48.05347281089662,0.4322727711410629
227.63536017256158,0.8531992369126736
178.7462085733553,0.8593901422626224
101.04923298959577,0.6740487617993132
141.92001337954414,0.7715775676346492
68.1987747453354,0.3217192234905587
137.33433622784145,0.9028709983197293
43.04032122044604,0.24469136348213327
191.96307475610675,0.9658129919411192
141.34094924516168,0.8853948202043221
46.02032917118605,0.40186173632936995
114.33895961287806,0.828992521770547
102.71343372593415,0.7022426968091677
105.94885464100136,0.76970472886202
55.41755627546761,0.3703711513044673
61.662830348538094,0.29642487634419123
47.309833021850274,0.4201589618760967
95.83799992013269,0.7378055673326194
148.22003338064513,0.9055793150030718
62.81615018554773,0.4204797528266653
86.92735117028784,0.6124870458194187
141.4531708603689,0.7599964148876004
191.82024095250702,0.8791665756532312
82.63537440135906,0.8015450504440835
176.61006873131532,0.9468062322885918
59.00743834775058,0.5071888774595946
50.2730963447863,0.5203768655371943
100.35586595459823,0.7113935068666384
140.93846864556548,0.5384463123085748
144.28595858694177,0.6612881608127594
220.96391963337652,0.9284419388484666
263.6880800944175,0.9539138305603125
51.211778262844796,0.27091379292147266
56.08145155806396,0.4069282765323031
51.149647162648456,0.28012589159655277
74.49703239805808,0.6622519945514203
177.7379597508558,0.9221460112245847
182.11734328204872,0.909974986033009
95.24419672719837,0.6667852403531844
113.83545658497958,0.7195762833071524
115.81334803433509,0.7676217690516285
38.58786873066793,0.23426905039673296
62.46096164359014,0.3063748150250426
131.94029174250744,0.7972024804083007
73.84275730086439,0.666130770821179
72.08157146538592,0.6640641934319589
72.53611325074895,0.5973660758079977
5.260798381378958,0.0039007808277026212
131.95939211507883,0.8296435502095489
84.9409818750924,0.4740649927999424
27.147938804410447,0.12171495907266505
96.60359837060766,0.5938720120658725
134.53239657992555,0.7713156825507106
199.41344904087308,0.9169399579215387
107.6192100057121,0.7530564860666475
96.18519376870505,0.6449293378459715
62.96948822754096,0.6148457605392625
64.80406875659364,0.6416283398486113
48.560872836312775,0.23767987591098838
114.36349674207813,0.8317376291575805
172.99063917746753,0.8720716926598618
124.76181362299826,0.7853145681914453
149.5585309424459,0.7999457251812738
139.37884945123437,0.8265684569152015
119.03982377055605,0.5661281654760955
29.686733533281743,0.22390937895629914
71.34884136869623,0.6803693612720481
127.12162780227774,0.7204168821511463
113.98716211000594,0.7797679159578492
79.60841770555064,0.40483250282958816
182.61796678617284,0.885977567477807
59.88866086626869,0.43131471067064586
82.22913728823599,0.6858688635852823
120.61635353156628,0.8644576493590708
72.1884053815619,0.6632298808248989
65.60462356827533,0.380658731733033
140.47545927732315,0.8310549001039179
263.69519616583875,0.9262458081342665
169.56316526947577,0.8281353960470995
60.805278377328996,0.4691866991514826
225.5194075512074,0.9673874793534359
175.16419852033198,0.86541162386161
87.85889790180872,0.609745075437286
45.49900587254903,0.3105458600360017
46.497512278488166,0.2615105963143798
165.36598904363433,0.9322508406941197
296.4150984765493,0.9355332927955836
155.10047510449613,0.8568731605971869
147.30647424177337,0.9143158381639723
93.81872921617034,0.7769498172369076
215.5134327562397,0.9468314927973579
59.30320579519097,0.42947750689678055
102.41687593188296,0.7784683385444504
57.33936295130665,0.35801145963878256
178.7573709015383,0.8584915201628812
84.93197395725097,0.44844012396919875
91.06329655067819,0.5535456214959477
149.13977135918736,0.8402151542450569
27.574444765884348,0.12925337679258564
311.1420333577245,0.9482282415844102
91.21360416159705,0.6455738301849663
248.34282267680376,0.872241716865319
15.163780429722872,0.04648141842094866
74.84477270147269,0.44662043869724233
145.69918217470712,0.733451383297612
232.35451065486936,0.9427241169934865
176.2276110429478,0.8485947741452087
123.17186278948972,0.6743010141801228
239.79945526156956,0.9496706742606873
153.55500130186235,0.7857462302619186
73.98642216734903,0.3331314223157025
23.053805438463474,0.15730006081681192
169.26265717835798,0.8766153872423157
158.41346970445235,0.8803510976512299
218.58594410243526,0.9475618802167137
128.06960964704925,0.8607824251430214
99.16288948638514,0.7267686112226686
39.94854848925925,0.18243101066909861
82.15161560124717,0.7069554955453483
33.94339649543962,0.1433434446423827
45.63900808097789,0.4632445040902029
63.89137063731204,0.41333551378693845
208.00269945126945,0.8313794148070816
58.62564058166626,0.5805277712377372
64.74201666191749,0.35476451308117085
109.19342151486956,0.802766754547047
47.46991506647733,0.3242537814648042
87.96159763437797,0.727595683889178
63.53331094021634,0.540511489239156
111.73490444629682,0.6305595655686445
70.48606431113053,0.3973281168757018
100.31712627436748,0.6104563176331896
159.54238676491838,0.8578102922673108
186.2493561798863,0.7716428560084769
133.96131512766306,0.9092877506274948
199.5549656781716,0.9184136293379651
106.73232039996307,0.8234462020348023
100.9291841664613,0.5678532224207249
174.11434182663936,0.7891854012740274
99.61839055373794,0.613658495952009
90.15778032827006,0.6855514590747743
158.0493764863671,0.9317736120659429
81.8626648224229,0.8388408650604964
140.70445164143186,0.7484061456740272
56.731590586034656,0.5811916678878954
30.034098461485595,0.11648336155589023
92.35087771022849,0.47633160900826144
156.29805361206954,0.857205823515429
53.955158693646254,0.5621465361948179
216.94247624145433,0.9083820157393919
73.21509313966082,0.581462005556213
36.29809818491252,0.14723400713431933
30.534126466384556,0.3100293833433916
58.42413776198355,0.4666334972053443
134.9542248100768,0.790995461719935
87.5812266034446,0.7258029561205229
112.14950249124412,0.736954768874949
57.513813011329816,0.5546492099914939
97.35086279303054,0.6243527164565599
158.4431015365002,0.8848439326407891
166.68059069467154,0.8562641758491354
150.2581927778451,0.8494758898976389
139.20035241935972,0.6850827309737559
94.22331397433067,0.6995763078012991
21.242372367186398,0.14073273441132605
211.96012120267994,0.8972026459290652
83.98488223206806,0.7354338981432412
78.77811170941693,0.5755449575526194
102.17417104931108,0.5662539196609675
174.96586095713164,0.8617585040664728
70.59089301896071,0.5719788327602593
146.15463228779444,0.8216343961722605
142.83503657091046,0.7798125582868736
116.13483505878118,0.7964511484640785
131.2123858850091,0.5972898609328509
68.72765152201568,0.5462326697802362
146.34952423370518,0.8777202230708553
119.58696616517491,0.8616743794151753
78.03879620305088,0.412701917586058
95.8476228015552,0.646700058188882
84.24597145714975,0.5714779023446303
49.644834494654404,0.20677537700573645
93.60655937912267,0.5601416113157407
128.07453510901757,0.6204182341450449
101.14738608285118,0.6165547255451261
145.45961657360883,0.9018966443210816
194.99182477154332,0.8301048767501851
200.65249385583436,0.8531528662806382
55.16621048960749,0.5516650470086499
105.65093440327662,0.49610751943610976
97.99184161179818,0.6529764582928046
64.36971402928853,0.3899455392384725
106.08556856904745,0.5605966886196344
101.47187016084547,0.8677614974101686
134.69082325487108,0.8205908725073471
130.82811549674707,0.7251005241402663
124.94383081779992,0.47682967479815697
92.55516778798635,0.4343467874418918
157.92460012016215,0.911112156984738
101.0172110424715,0.8262029102326677
293.00043591390033,0.977047035412634
109.87383568204051,0.77842135825823
235.85917938023175,0.9356887674200376
166.98517543125052,0.8853701633061203
103.6365281593315,0.6346073465263902
33.16576119750476,0.10279701991439183
98.0534313911233,0.7126895034921719
14.693272290378179,0.047067911210130986
305.39545091342586,0.9635645590072438
95.75382135559171,0.6953579061014452
133.1725400132622,0.7710911789112405
57.72373645008261,0.44413671351599915
118.21692939728868,0.7827029761477737
144.7236520854604,0.8817213569716352
96.95404578602368,0.7827939277121712
168.31545797975994,0.8447264800603714
156.31203129954616,0.8884712047337189
123.17483737205636,0.7839962270412342
28.362686417228108,0.1436894528732936
80.40309520976452,0.5635011663943221
132.2776511517884,0.8366670829059918
305.1782181606853,0.9445607634109039
154.01934503768035,0.8411109035331171
9.029535907752523,0.02972177506911977
113.8526919024548,0.6973004672401331
98.24603902503323,0.7355858498953789
158.51175188406668,0.8583662342983848
7.344446244852466,0.0074772726279321855
31.537659882687507,0.14752393866157643
23.56431664900992,0.09298208248502449
170.71767199227364,0.792170114548868
99.30919859495941,0.6337209962687308
121.11783645857811,0.9116024795998087
88.84160099624503,0.8272168148814999
75.56856712482853,0.6508160152247564
134.6930266382196,0.8408352389029603
53.28271540530944,0.3637265083083494
135.54408294494428,0.7458979095086723
146.56137192224645,0.794666529114596
98.69244561117132,0.5678908492118908
68.90342642026042,0.4944708190167072
106.00202172751652,0.7543325146192547
106.83862945023814,0.6772350627283921
35.99134432858931,0.2453229609131954
227.49115747619769,0.877601812638992
117.80208091789737,0.780011848959592
97.02484044407997,0.4870191645973132
150.3595349752819,0.896039381800179
122.79170621937367,0.6728003586548752
189.61819422787121,0.9202470757864952
151.63765757459515,0.8119639678057204
97.38630403167645,0.7331606235767381
91.08028970564904,0.5872051136197789
47.35490512121324,0.5735137274791275
124.17350791025697,0.6414550756484132
182.82261307384601,0.8943923579462347
138.28024344775253,0.7950398123279282
159.34589216872513,0.9035684209419055
149.05804455356744,0.804493120259487
31.62810124435782,0.175108913901179
90.82402857483468,0.5715012413476885
72.17156282269028,0.43141891893030904
64.87407268783421,0.5813577955421488
119.08056088754535,0.6245637743463093
13.303521366235998,0.046995410907389346
140.56262092448404,0.7966744712033004
68.50860902060373,0.5702972029362959
140.82002753344864,0.8526885265242292
76.83490140586812,0.6759723465540712
53.189173983443204,0.17096357138323337
119.6817760306635,0.6788877873526744
10.785196769017697,0.024412608645092315
139.7121499495209,0.9225024859149762
90.22647138087827,0.6616174593475814
117.43516338622611,0.7029589058113118
87.97633369541545,0.6402033018839111
18.38944138433366,0.04204337823493165
59.60675525152766,0.2991569310475791
139.04845207301636,0.8711132877362843
101.25939383080626,0.7317639221770762
159.9396906177615,0.8008151718944876
168.25940842725763,0.8935601155234564
68.43043676484703,0.6876818851038684
163.90600974913792,0.8439116701632338
114.10837355712522,0.655043596500713
160.55706100646304,0.8435730299567088
57.37511942247892,0.42416954767991366
37.10169410531281,0.17800708504390594
196.25944326743826,0.8562196463293268
157.60921992913762,0.8970882983701144
57.89863503016412,0.38081110827071885
85.19387006125956,0.5678730877605475
22.977461156724306,0.07535810231469497
176.94177890465633,0.918752689399747
94.87031644865655,0.6974620260421194
91.53307809859002,0.6354073989380931
111.47619244353109,0.7310446214025998
94.02627786995444,0.5936075062460433
48.26135595279464,0.2566719337500418
151.79703814767228,0.8600468255798687
58.6586174198596,0.5472460177816749
49.68102603503381,0.4219104268334727
61.71332211682796,0.4538864001450119
59.5146628148634,0.44231962288749804
32.196185548447986,0.2045508071598262
136.21793525340408,0.8820460029256372
75.36460248767393,0.5812102315553033
68.9948755275605,0.5258922632070713
191.2052726563331,0.945642440144973
57.910110657337924,0.4263607816068212
131.8509761227735,0.7537454301604266
61.77980526436673,0.700191284543747
151.22486954516998,0.7933007010656777
18.16354259061916,0.07342123365948683
72.43205982287944,0.6788873348171248
188.8994640998104,0.8539516485290519
71.01748630629501,0.5910135884109307
131.25984146239693,0.8495990787952137
46.39101494805539,0.5906949310233682
33.9672802590386,0.1754647481482704
17.90768327402452,0.028929622453200188
107.01227653916642,0.862857127993248
73.19412471682747,0.43145045699888873
156.20407977855464,0.9086339943289883
92.71492173813418,0.6090101334930512
74.78430004985398,0.49206618496801724
101.91134562331844,0.581867108802674
241.32001875954043,0.9349572732238005
196.26716780307444,0.8730056960412467
105.59039133418841,0.8104717411485547
117.74872918471785,0.8349858463556598
102.48271008737423,0.7116728240159231
118.30862369802244,0.7149090582664149
179.51949918500355,0.9053066038306176
45.639001996993564,0.37898815262930274
113.2204600198073,0.8884509492336893
139.57906371464256,0.6018239530421756
103.9458665206429,0.8540483358638475
125.94657392850598,0.8873614997490007
156.76145225462147,0.8253356690617004
52.623471464533964,0.21650901470179862
270.53264688548535,0.9552463384467326
126.83004465523139,0.8327881945512836
146.4357414611065,0.8597445214490302
109.42649114796914,0.5652347299713895
22.093863585334645,0.0981026820165114
130.81738185589174,0.6510163841531775
176.2947004412993,0.8168101227537312
159.76379395089268,0.8566197167036836
19.371104056229576,0.11859726700493212
98.60649516919783,0.6088750752304972
155.97854334998766,0.8571838772952738
96.59856867997064,0.8380360562591682
114.37917349315184,0.7757240041479674
33.66282152560852,0.18471275176723867
99.86925619778819,0.6212077496353623
31.987334467792074,0.12629257169205788
70.38647224154961,0.5831477771161664
129.43390501676097,0.7665050531804827
191.48658902813477,0.7625282735695916
145.66842016481402,0.9311921013607917
64.04656519174314,0.3412867007970457
116.9259723284593,0.7548440497647482
11.724920558856002,0.14515678823302092
92.44289970559936,0.6607142800213267
99.84158244573946,0.8854151099954178
60.03299028745043,0.630560894886383
94.417047998598,0.7838791310494106
90.78336014597325,0.6909167502747748
121.81254134102853,0.7512989180273749
162.2290991529178,0.9258313501692952
78.06510210553516,0.6510867844651226
97.39269294619692,0.7252995491805341
111.01823563506983,0.7610678178478828
291.5032008844398,0.98001733485251
18.302502082172765,0.030944302702503035
192.65146464531148,0.9511435604854865
168.26653841325674,0.884966773101017
163.36904075815465,0.811464453795506
51.5129676563166,0.46996020424695695
10.62850310294195,0.037243602139554244
118.4336152401419,0.7934799626910988
164.8635333292941,0.8637143502078464
30.871042716794168,0.17634846030106288
37.67425259221457,0.16418844666269705
